ID,Question 611: INT:Code organistation s business as appropriate to the following,Question 612: How many employees are there in your business at <address>?,Question 102: Do you have internet access in your premises?,Question 103: Do you have broadband in your premises?,Question 6102: What was your approximate annual turnover during the last financial year?,Question 61020: Approximately what percentage of non wage costs does your organisation spend on electricity?,Question 61021: What are the approximate hours of operation (not just when you are open to the public if at all) from Monday to Friday at <address>?,Question 610210: Do those hours of operation include 5pm to 7pm from from Monday to Friday?,Question 61022: Does the premises operate during the weekend at <address>?,Question 6102333: What are the approximate hours of operation (not just when you are open to the public if at all) on Saturday at <address>?,Question 61024: What are the approximate hours of operation (not just when you are open to the public if at all) on Sunday at <address>?,Question 6103: What is the approximate size of the premises at <address> in square feet or square meters?,Question 61031: Is that measure,Question 453: Approximately how old is your premises?,Question 4531: Is your premises?,Question 454: How long has your organisation been in its current premises?,Question 455: Does your premises have a Building Energy Rating (BER) - a recently introduced scheme for rating the energy efficiency of your premises?,Question 456: What rating did your premises achieve?,Question 4905: And now considering energy reduction in your business premises please indicate the approximate proportion of light bulbs in your premises which are energy saving (or CFL)?,Question 4906: Please indicate the approximate proportion of windows in your premises which are double glazed? INT: READ OUT,Question 4908: Are your internal walls insulated? INT:PROBE TO PRECODES,Question 4909: Have your external walls been insulted?,"Question 4551: Please indicate if you have electrical appliances or: Cooling - includes refrigeration, air-conditioning, cooling equipment, etc","Question 4551: Please indicate if you have electrical appliances or: Heating - includes space heating, small ovens, water heating/boilers equipment, etc","Question 4551: Please indicate if you have electrical appliances or: Lighting - includes room lighting/ shelf lighting/security lighting, etc","Question 4551: Please indicate if you have electrical appliances or: Administrative or office equipment - includes computers, office printers, televisions, etc","Question 4551: Please indicate if you have electrical appliances or: Manufacturing or processing - includes mains powered engineering and manufacturing machinary, commercial ovens and cooking equipment, commercial printing equipment,etc",Question 20000: Have you installed timing switches on any of your electrical appliances/equipment?,"Question 200001: Please indicate which of the appliances the timing switched: Cooling - includes refrigeration, air-conditioning, cooling equipment, etc","Question 200001: Please indicate which of the appliances the timing switched: Heating - includes space heating, small ovens, water heating or boilers equipment, etc","Question 200001: Please indicate which of the appliances the timing switched: Lighting - includes room lighting or shelf lighting or security lighting, etc","Question 200001: Please indicate which of the appliances the timing switched: Administrative or office equipment - includes computers, office printers, televisions, etc","Question 200001: Please indicate which of the appliances the timing switched: Manufacturing or processing - includes mains powered engineering and manufacturing machinary, commercial ovens and cooking equipment, commercial printing equipment,etc",Question 200002: Does your organisation have its own generator?,Question 200003: Has your organisation had an audit of its energy use in the past 3 years?,Question 200004: Was this audit carried out by,Question 200005: Does your organisation have regular monitoring and reporting of trends in its energy use?,Question 200006: How regularly is this monitoring and reporting done?,"Question 200007: Is there a person in your organisation who is responsible for energy usage checking, monitoring and feeding back?","Question 200008: Does your organisation engage in generating its own electricity from sources such as solar panels, wind turbines etc?","Question 200009: Is your organisation considering engaging in generating its own electricity from sources such as solar panels, wind turbines etc?","Question 200010: Would your organisation consider engaging in generating its own electricity from sources such as solar panels, wind turbines etc?",Question 200011: Does your organisation curently have plans to invest in other energy efficiency initiatives in the next year?,"Question 5000: ATTITUDES TO THE TRIAL AND INFORMATION SOURCES Prior to receiving the letter of invitation to participate, had you heard about Smart Meters?",Question 5420: Where had you heard about them?: TV,Question 5420: Where had you heard about them?: Radio,Question 5420: Where had you heard about them?: Newspaper,Question 5420: Where had you heard about them?: Television,Question 5420: Where had you heard about them?: Websites,Question 5420: Where had you heard about them?: Family/friends/work colleagues,Question 5420: Where had you heard about them?: Other,Question 5432: Our society needs to reduce the amount of energy we use,Question 5432: The people I work with and I need to reduce the amount of energy we use,Question 5432: My organisation is interested in changing the way we use electricity if it reduces the electricity bill,Question 5432: My organisation is interested in changing the way we use electricity if it helps the environment,"Question 5432: By changing the way the people I work with and I use electricity, I can reduce my electricity bill",Question 5441: My organisation has already done a lot to reduce the amount of electricity it uses,Question 5441: My organisation has already made changes to the way we work in order to reduce the amount of electricity we use.,Question 5441: My organisation would like to do more to reduce electricity usage,Question 5441: My organisation knows what it needs to do in order to reduce electricity usage,Question 5441: My organisation cannot control how much electricity it uses,Question 5442: My organisation has already done a lot to reduce the amount of electricity it uses,Question 5442: My organisation has already made changes to the way we work in order to reduce the amount of electricity we use.,Question 5442: My organisation would like to do more to reduce electricity usage,Question 5442: My organisation knows what it needs to do in order to reduce electricity usage,Question 5442: My organisation cannot control how much electricity it uses,"Question 5411: Thinking about the energy reduction activities undertaken by your organisation, did you achieve savings in your bill?",Question 5422: Approximately what % savings on the average bill did you achieve?,"Question 5500: In general, can you identify the top three sources you rely: TV/ Radio","Question 5500: In general, can you identify the top three sources you rely: Newspaper","Question 5500: In general, can you identify the top three sources you rely: Poster advertising","Question 5500: In general, can you identify the top three sources you rely: Internet","Question 5500: In general, can you identify the top three sources you rely: Family/friends/work colleagues","Question 5500: In general, can you identify the top three sources you rely: Electricity Suppliers (e.g. ESB CS, BGES, Airtricity, Energia)","Question 5500: In general, can you identify the top three sources you rely: Government organisations (SEI, CER, Dept of Energy)","Question 5500: In general, can you identify the top three sources you rely: Industry or business organisations (such as ISME, or other organisations specific to your business)","Question 5500: In general, can you identify the top three sources you rely: Specific Advertising campaigns (e.g. Power of One)","Question 5500: In general, can you identify the top three sources you rely: Other",Question 5512: The overall quality of the electricity supply,Question 5512: The number of suppliers competing in the market,Question 5512: The range of different tariffs available,Question 5512: The percentage of electricity being generated from renewable sources,Question 5512: The number of estimated bills your organisation receives,Question 5512: The level of wastage of electricity in the home or office,Question 5512: The overall cost of electricity,Question 5512: The environmental damage associated with the amount of electricity used,Question 6011: More information on the bill about the amount of electricity you use at different times of the day or week,Question 6011: More advice on how to reduce your electricity usage,Question 6011: An opportunity to reduce your bill if you move the time when you use your electricity away from peak hours of 5pm to 7pm,Question 6011: An opportunity to reduce the impact on the environment by reducing the overall amount of electricity you use,Question 6011: An opportunity to reduce the impact on the environment by changing the times when you use most electricity,Question 6011: An opportunity to reduce your bill by changing the times when you use most electricity.
1023,5,4,1,1,13,10,1,2,1, , ,1200,1,4,1,3,2, ,1,1,3,1,1,0,1,1,0,2, , , , , ,2,2, ,2, ,2,2,2,1,2,2, , , , , , , ,1,2,1,2,1,0,0,0,1,0,5,5,3,2,5, , ,1,1,0,1,0,0,0,0,0,0,1,4,4,3,1,2,3,2,1,1,1,1,2,1
1026,5,3,1,1,2,10,2,1,2,2, ,999999999, ,1,2,1,2, ,2,5,1,1,0,0,1,1,0,2, , , , , ,2,2, ,1,2,1,2,2,1,2,2, , , , , , , ,2,2,1,2,2,1,1,1,1,0,2,1,2,2,5,1,15,1,1,1,0,0,0,0,0,0,0,2,2,2,2,2,2,3,3,2,2,2,2,2,2
1050,4,4,1,1,7,999,2,1,2,1, ,3000,2,2,1,3,2, ,1,5,2,1,0,1,1,1,1,2, , , , , ,2,2, ,2, ,2,2,2,2,2,2, , , , , , , ,1,1,1,1,1,1,1,1,1,0,2,2,2,2,4,1,50,0,0,0,1,0,0,0,0,0,0,2,3,2,4,4,4,4,4,2,2,2,2,2,2
1056,2,3,1,1,8,999,1,1,1, , ,3000,1,2,3,2,2, ,5,5,2,1,1,1,1,1,0,2, , , , , ,2,2, ,2, ,2,2,1,1,2,2, , , , , , , ,1,2,1,1,2,0,0,1,1,0,3,3,2,2,4, , ,1,0,0,1,0,1,0,0,0,0,1,4,2,4,3,3,3,3,2,2,1,1,2,2
1101,5,5,1,1,9,999,1,1,1, , ,2800,1,3,1,3,2, ,1,5,3,2,1,1,1,1,0,2, , , , , ,2,2, ,2, ,1,2,2,2,2,1,0,0,1,0,0,0,0,1,3,2,1,1,1,1,1,1,0,1,1,2,2,4,1,999,0,1,0,1,0,0,0,0,0,0,1,5,5,5,3,3,5,5,2,2,2,2,2,2
1137,5,3,1,1,13,999,4,2,1, , ,3000,1,1,1,1,3, ,1,5,1,1,0,1,1,1,0,1,0,0,1,0,0,2,2, ,2, ,2,2,2,2,2,1,0,0,0,0,0,0,1,2,4,2,4,4,1,1,0,0,0,1,1,5,5,5,1,999,1,0,0,1,0,1,0,0,0,0,2,4,4,4,4,2,4,3,1,1,5,5,5,5
1145,4,3,2, ,13,999,1,1,2,1, ,500,1,5,1,3,2, ,3,1,3,2,0,0,1,0,0,1,0,0,1,0,0,2,2, ,2, ,1,2,2,2,1,2, , , , , , , ,2,2,2,2,2,1,1,1,0,1,2,2,2,3,2,2, ,1,1,0,0,0,1,0,0,0,0,2,2,2,2,2,4,4,4,2,2,2,2,2,2
1146,4,4,1,1,13,999,1,2,1, , ,999999999, ,4,1,3,3, ,5,5,4,3,1,1,1,1,1,2, , , , , ,2,1,1,1,2,2,2,2,2,2,1,0,0,0,0,0,0,1,4,2,3,3,2, , , , , ,5,4,3,4,4, , ,1,0,0,1,0,1,0,0,0,0,3,3,3,3,3,3,3,3,3,3,3,3,3,3
1172,4,3,1,1,13,999,1,1,2,4, ,6000,1,1,1,1,2, ,1,5,3,1,1,0,1,1,1,1,0,1,1,0,0,1,2, ,2, ,1,2,2,2,2,2, , , , , , , ,2,2,1,2,3,1,1,0,0,1,2,2,3,4,2,2, ,1,1,0,0,0,1,0,0,0,0,2,2,4,3,2,2,4,4,4,2,2,2,2,2
1177,4,3,2, ,13,999,2,1,3,2,2,1200,1,3,1,3,2, ,2,1,3,1,1,0,1,1,0,1,0,0,1,0,0,1,2, ,1,4,1,2,2,1,1,1,0,0,1,0,0,0,0,2,3,2,2,4,0,0,1,1,0,3,3,2,2,4, , ,1,1,0,0,0,1,0,0,0,0,4,3,3,3,4,2,5,3,2,2,3,3,3,3
1181,2,3,1,2,13,999,1,2,1, , ,800,2,4,4,2,2, ,1,1,3,2,1,1,1,1,1,2, , , , , ,2,2, ,2, ,2,2,2,2,2,1,0,0,0,0,0,0,1,2,2,1,1,2,0,0,1,0,0,4,3,1,3,3, , ,1,1,0,1,0,0,0,0,0,0,2,3,3,3,3,3,4,3,1,1,2,2,2,2
1228,5,3,1,1,1,999,1,1,1, , ,999999999, ,3,1,3,2, ,2,5,3,1,1,0,1,1,0,2, , , , , ,2,2, ,2, ,2,2,2,1,2,1,1,1,1,1,0,0,0,1,1,1,1,2,1,0,1,0,0,2,4,1,3,4,2, ,0,0,0,1,0,1,1,0,0,0,1,2,1,4,2,2,4,4,2,1,1,1,1,1
1254,6,4,1,1,13,5,3,1,1, , ,300,2,1,4,1,3, ,1,5,1,1,1,1,1,1,1,1,1,1,1,0,1,2,2, ,2, ,1,1,1,1,2,2, , , , , , , ,1,1,1,1,2,1,1,1,1,0,1,1,1,1,5,2, ,0,0,0,1,0,0,0,0,0,0,1,3,1,3,1,2,2,2,2,1,1,1,1,1
1258,6,3,2, ,3,999,2,1,3,2,2,1000,1,5,1,3,2, ,4,3,3,2,1,1,1,0,0,2, , , , , ,2,2, ,2, ,2,2,2,2,1,2, , , , , , , ,1,1,2,2,2,1,1,1,0,1,2,2,2,5,2,2, ,1,1,0,0,0,1,0,0,0,0,1,2,2,2,1,2,2,2,2,2,2,2,2,5
1287,6,3,1,1,13,999,1,1,3,3,3,999999999, ,1,1,2,2, ,1,5,1,1,0,0,1,1,0,2, , , , , ,2,2, ,2, ,2,2,1,1,1,2, , , , , , , ,1,1,1,1,1,1,1,1,1,1,2,2,2,1,2,2, ,1,1,0,1,0,0,0,0,0,0,4,4,4,5,5,4,4,5,1,1,1,1,1,4
1333,6,5,1,1,9,15,1,2,1, , ,999999999, ,2,1,3,2, ,2,5,2,1,1,1,1,1,0,2, , , , , ,2,2, ,2, ,2,2,1,1,2,2, , , , , , , ,1,1,1,1,1,0,0,1,0,0,4,4,2,4,4, , ,1,0,0,0,1,0,0,0,1,0,3,5,5,4,3,3,4,2,3,5,3,3,2,2
1356,5,3,1,1,13,999,1,1,2,1, ,999999999, ,4,3,2,2, ,1,5,3,3,1,1,1,0,0,2, , , , , ,2,2, ,2, ,2,2,2,2,2,2, , , , , , , ,1,4,2,2,3,0,0,1,1,1,5,5,2,2,1, , ,1,1,0,0,0,1,0,0,0,0,1,3,3,3,2,2,5,4,1,1,5,5,5,1
1369,2,4,1,1,13,999,2,1,1, , ,1000,1,2,1,2,2, ,1,5,3,2,0,1,1,1,0,2, , , , , ,2,2, ,2, ,2,2,2,2,2,2, , , , , , , ,1,1,1,1,1,0,0,1,0,0,5,4,1,3,5, , ,0,0,0,0,0,0,0,0,0,1,1,3,3,3,3,3,3,2,5,5,3,3,3,3
1370,4,3,1,1,4,999,2,1,3,2,4,999999999, ,5,1,3,2, ,1,1,3,2,1,0,1,1,1,2, , , , , ,2,2, ,2, ,2,2,2,2,1,2, , , , , , , ,1,1,1,1,1,0,0,1,0,0,5,5,1,5,5, , ,1,0,0,0,0,1,0,0,0,1,1,5,5,5,3,5,5,3,1,1,1,1,1,1
1386,5,3,1,1,13,999,1,2,3,1,1,999999999, ,3,1,3,2, ,2,1,4,2,1,1,1,1,0,1,0,0,1,0,0,2,2, ,2, ,2,2,1,1,1,2, , , , , , , ,1,1,1,1,1,0,0,1,0,0,3,3,1,3,3, , ,1,1,0,1,0,0,0,0,0,0,2,5,3,5,5,5,5,4,4,3,1,2,3,3
1391,6,4,1,1,13,999,1,2,1, , ,999999999, ,5,3,1,3, ,1,5,4,3,1,0,1,1,0,2, , , , , ,2,2, ,2, ,2,2,2,2,2,2, , , , , , , ,1,1,2,2,1,1,1,1,0,1,2,2,2,3,1,2, ,1,1,0,1,0,0,0,0,0,0,1,4,4,4,3,4,4,3,4,2,1,2,2,2
1400,4,4,1,1,7,999,1,1,2,1, ,1000,1,5,3,3,2, ,2,1,3,2,0,1,1,1,0,2, , , , , ,2,2, ,2, ,2,2,2,2,2,2, , , , , , , ,1,1,1,1,1,0,1,1,0,1,5,1,1,5,1,1,10,0,0,0,0,0,1,0,0,0,0,1,2,3,4,1,2,5,4,4,1,4,1,4,4
1401,4,6,2, ,10,999,2,2,2,4, ,3500,1,1,4,1,3, ,5,5,1,1,1,0,1,1,0,2, , , , , ,1,1,1,1,2,1,2,2,2,1,1,0,0,1,0,0,0,0,1,1,1,1,1,1,1,1,1,0,1,1,1,1,4,2, ,0,1,0,1,0,1,0,0,0,0,1,4,5,5,5,5,5,5,1,5,1,1,1,1
1415,4,1,1,1,1,2,4,1,3,4,4,1000,1,2,1,3,2, ,1,5,3,2,0,0,1,1,1,2, , , , , ,2,2, ,2, ,2,2,1,1,2,1,0,0,0,0,1,1,0,1,1,1,1,4,1,1,1,1,0,1,1,1,1,5,1,5,0,0,0,1,1,1,0,0,0,0,1,4,3,4,4,1,5,5,1,1,1,1,1,1
1427,6,1,1,1,13,999,2,1,3,2,2,80,2,5,1,3,2, ,3,1,3,2,1,0,1,1,0,2, , , , , ,2,2, ,2, ,2,2,2,2,2,2, , , , , , , ,1,1,1,1,1,0,0,1,0,0,4,4,1,4,4, , ,0,0,0,0,0,0,0,0,0,1,1,4,3,4,3,4,5,3,3,3,3,1,1,3
1439,6,4,1,1,13,10,4,2,3,5,5,999999999, ,5,1,3,2, ,2,5,3,2,0,1,1,1,0,2, , , , , ,2,2, ,2, ,2,2,2,2,2,2, , , , , , , ,1,2,1,1,2,0,0,1,0,0,4,4,2,4,3, , ,0,0,1,0,0,1,1,0,0,0,2,3,3,4,2,3,2,3,3,2,3,2,2,4
1456,6,1,1,2,1,999,1,1,2,1, ,100,1,2,1,2,2, ,1,5,3,1,0,0,1,0,0,2, , , , , ,2,2, ,2, ,2,2,2,1,2,2, , , , , , , ,1,1,1,1,1,1,1,1,1,1,1,1,1,1,2,1,999,0,0,0,1,0,0,0,0,0,0,1,1,1,1,1,1,2,3,2,2,2,2,2,2
1457,5,3,1,1,13,999,1,2,1, , ,999999999, ,1,1,2,2, ,1,1,4,3,1,1,1,1,0,2, , , , , ,2,2, ,2, ,2,2,2,2,2,2, , , , , , , ,1,1,1,1,1,0,0,1,0,0,5,5,1,5,4, , ,1,0,0,0,0,0,0,0,1,0,1,1,3,3,3,3,2,5,1,1,1,1,1,1
1465,5,6,2, ,13,1,3,1,3,3,3,999999999, ,3,1,3,1,2,3,3,2,1,1,1,1,1,0,2, , , , , ,2,2, ,2, ,2,2,1,1,2,2, , , , , , , ,1,1,1,1,1,0,0,1,0,1,4,4,1,4,1, , ,1,0,0,0,0,0,0,0,0,0,2,2,4,5,2,5,5,5,1,1,1,1,1,1
1478,5,4,1,1,13,999,2,1,2,1, ,1500,1,4,2,1,3, ,1,1,4,3,1,1,1,1,0,1,0,1,0,0,0,2,2, ,1,4,2,2,2,2,2,1,0,0,0,0,0,0,1,1,3,3,1,3,0,0,1,1,0,4,4,2,2,5, , ,0,0,0,0,0,1,1,0,1,0,1,2,1,3,3,3,4,3,1,3,3,1,5,5
1503,2,4,1,1,13,999,1,1,2,1, ,1000,1,5,4,3,2, ,1,1,3,2,0,0,1,0,1,2, , , , , ,2,2, ,2, ,1,2,2,2,1,1,0,0,0,0,0,1,0,4,4,3,4,2,1,0,0,0,0,2,4,3,4,4,2, ,1,1,0,0,0,1,0,0,0,0,2,2,3,4,2,3,4,4,3,2,3,3,3,3
1524,2,3,2, ,4,999,1,2,2,2, ,999999999, ,3,1,3,2, ,2,5,3,2,0,0,0,0,1,2, , , , , ,2,2, ,1,4,1,2,2,2,2,2, , , , , , , ,1,2,2,2,2,1,1,0,1,0,2,2,3,2,4,2, ,1,0,0,0,0,1,0,0,1,0,3,2,3,2,3,4,3,3,3,2,3,2,2,1
1525,4,3,1,1,3,999,2,1,2,4, ,2500,1,2,3,2,2, ,3,5,3,2,0,1,1,1,1,1,0,0,0,0,1,2,2, ,2, ,2,2,2,1,2,2, , , , , , , ,1,3,1,1,1,1,0,1,0,0,1,3,1,5,3,2, ,0,0,0,1,0,1,0,1,0,0,3,5,5,5,5,5,5,5,1,1,1,1,3,3
1583,4,3,2, ,2,999,1,1,2,1, ,999999999, ,4,4,3,2, ,1,1,4,3,1,0,0,1,0,2, , , , , ,2,2, ,2, ,2,2,2,2,2,2, , , , , , , ,2,4,2,2,4,0,0,1,1,1,3,3,2,2,2, , ,1,0,0,0,0,0,0,0,0,0,2,3,4,4,1,1,4,3,1,1,5,5,5,5
1602,6,4,1,1,13,3,3,1,3,3,3,12000,1,5,1,3,2, ,4,1,3,2,1,0,1,1,0,2, , , , , ,2,2, ,2, ,2,2,2,2,2,1,0,0,0,0,0,1,0,1,1,1,1,1,0,0,1,0,1,4,4,1,4,1, , ,1,1,0,0,1,0,0,0,0,0,1,3,3,5,3,5,5,5,4,1,3,1,5,5
1617,5,4,1,1,13,999,1,1,1, , ,300,2,3,1,3,2, ,1,5,3,1,1,1,1,1,0,1,0,1,1,0,0,2,2, ,2, ,2,2,2,2,2,2, , , , , , , ,2,1,1,1,1,0,1,1,1,0,4,1,1,2,5,2, ,0,0,0,0,0,0,0,0,0,1,1,1,4,2,2,4,3,4,1,1,5,1,5,5
1637,1,6,1,1,8,1,1,2,1, , ,999999999, ,3,1,3,2, ,1,5,1,1,1,1,1,1,1,1,0,1,0,0,0,2,2, ,2, ,2,2,2,1,2,2, , , , , , , ,1,1,1,1,1,0,1,1,0,0,4,2,1,5,4,2, ,0,0,0,1,0,0,0,0,0,0,2,2,4,5,2,5,3,5,1,1,1,4,4,4
1649,3,1,2, ,5,999,1,2,1, , ,999999999, ,2,2,2,2, ,1,1,2,2,0,0,1,0,1,2, , , , , ,2,2, ,2, ,2,2,2,2,2,2, , , , , , , ,1,1,1,2,1,1,1,1,0,1,2,2,1,3,2,2, ,1,1,0,0,0,0,0,0,1,0,2,3,4,3,3,2,3,3,1,1,1,1,1,1
1651,3,3,2, ,3,20,1,1,1, , ,200,1,3,1,3,2, ,1,1,3,2,0,0,1,0,1,2, , , , , ,1,2, ,2, ,2,2,2,2,2,2, , , , , , , ,3,4,4,4,4,0,0,0,0,1,4,4,3,5,1, , ,1,0,1,0,0,0,0,0,1,0,2,1,2,4,2,5,2,2,5,5,2,5,5,2
1655,4,3,2, ,6,999,1,1,2,4, ,300,2,1,1,1,2, ,1,5,1,1,0,1,1,1,0,1,0,1,1,0,0,1,2, ,2, ,2,2,1,1,2,2, , , , , , , ,1,1,1,1,1,0,0,1,0,0,4,3,1,4,5, , ,1,1,0,0,0,0,0,0,0,0,2,5,5,5,2,1,1,5,2,1,1,1,1,1
1683,4,1,1,1,4,999,1,2,2,1, ,999999999, ,5,1,3,2, ,1,5,2,2,0,0,1,1,0,2, , , , , ,2,2, ,2, ,2,2,2,2,2,2, , , , , , , ,2,2,2,2,2,1,0,0,0,0,2,4,3,3,4,2, ,1,1,0,1,0,0,0,0,0,0,2,2,3,3,2,3,3,2,3,3,3,3,3,3
1685,4,5,1,1,9,999,1,1,1, , ,15000,1,3,1,3,2, ,1,5,3,2,0,1,1,1,0,1,0,0,1,0,0,2,2, ,2, ,2,2,2,1,2,2, , , , , , , ,1,1,1,3,3,1,0,1,1,0,1,4,1,1,4,1,999,1,0,0,0,0,1,0,0,0,1,1,2,4,3,3,4,4,3,2,2,3,3,3,2
1688,5,5,1,1,13,5,2,1,1, , ,2100,1,3,3,1,3, ,1,1,4,3,0,0,1,1,0,1,0,0,1,1,0,2,2, ,1,2,1,2,2,1,2,1,0,1,0,0,0,0,0,1,1,1,1,1,0,0,1,0,0,5,5,1,4,4, , ,1,1,0,1,0,0,0,0,0,0,1,2,3,5,4,5,5,5,1,1,1,1,1,1
1713,5,4,1,1,13,999,1,2,1, , ,999999999, ,4,4,2,2, ,2,1,4,3,1,1,1,1,0,2, , , , , ,2,2, ,2, ,2,2,2,1,2,2, , , , , , , ,1,2,3,2,2,0,0,1,0,0,3,3,2,4,3, , ,1,0,0,0,0,1,0,0,1,0,2,4,3,3,3,3,4,4,3,3,3,2,2,2
1723,5,3,1,1,13,999,1,1,1, , ,1200,1,4,4,3,2, ,1,3,3,2,1,1,1,1,0,2, , , , , ,2,2, ,2, ,2,2,2,2,2,1,0,0,1,0,0,0,0,1,1,2,2,1,1,0,0,1,0,2,3,3,2,4,2, ,0,0,0,1,1,1,0,0,0,0,1,3,3,4,2,2,3,3,1,1,1,1,3,3
1732,2,6,1,1,13,999,1,2,1, , ,80000,1,4,1,3,2, ,1,2,3,2,1,1,1,1,1,2, , , , , ,2,2, ,2, ,2,2,2,2,2,1,0,0,0,0,0,0,1,1,1,1,2,3,0,0,1,0,1,3,3,1,3,2, , ,0,0,0,0,0,1,0,0,0,0,1,2,2,1,4,3,5,3,1,1,3,2,3,3
1737,6,2,1,1,13,3,2,1,3,2,2,999999999, ,5,1,1,2, ,5,5,1,1,1,1,1,1,0,2, , , , , ,2,2, ,2, ,2,2,1,1,2,1,1,0,0,0,0,0,0,1,1,1,1,1,1,1,1,0,1,2,2,1,4,2,1,999,1,1,0,0,0,0,1,0,0,0,1,4,4,4,2,3,4,3,1,1,4,1,4,4
1743,4,3,1,1,13,5,2,1,3,1,1,5500,1,4,1,3,2, ,1,3,3,2,1,0,1,1,0,1,0,0,1,0,0,2,2, ,2, ,2,2,2,2,2,2, , , , , , , ,2,1,2,2,2,1,1,1,1,1,2,1,1,2,2,1,10,0,0,0,0,0,1,0,0,0,0,2,4,4,4,3,4,3,3,1,1,1,2,2,2
1803,4,2,1,1,13,15,2,1,3,2,4,999999999, ,4,1,2,2, ,1,5,3,2,1,0,1,1,0,2, , , , , ,2,2, ,2, ,2,2,2,1,2,1,0,0,0,0,0,1,0,1,1,1,1,1,0,0,1,0,1,5,5,1,5,2, , ,1,1,0,0,1,0,0,0,0,0,1,2,1,5,1,5,4,4,1,1,5,1,2,2
1806,6,3,1,2,3,999,2,1,3,2,2,2000,1,4,1,3,2, ,2,5,4,3,1,1,1,1,1,2, , , , , ,1,2, ,2, ,2,2,2,2,2,2, , , , , , , ,3,3,1,2,1,0,1,1,1,1,3,1,1,2,1,1,5,0,0,0,0,0,0,0,0,0,1,4,5,5,3,2,3,5,3,1,1,1,5,5,1
1853,6,3,1,1,5,999,3,1,3,3,3,999999999, ,5,1,3,3, ,3,5,3,2,1,1,1,0,0,2, , , , , ,2,2, ,2, ,1,2,2,2,2,1,0,0,0,0,0,0,1,1,2,2,1,2,1,1,1,1,0,2,2,1,2,3,2, ,0,0,0,0,0,1,0,0,0,0,2,3,3,3,2,4,3,3,2,2,2,3,3,1
1873,5,3,1,1,13,999,1,1,1, , ,1000,1,5,4,3,2, ,5,1,3,2,1,0,1,1,0,2, , , , , ,2,2, ,2, ,2,2,2,2,2,1,0,0,0,0,0,0,1,1,1,1,3,2, , , , , ,5,5,3,3,3, , ,1,1,1,0,0,0,0,0,0,0,3,3,3,3,3,2,3,4,4,4,4,3,3,3
1961,5,5,1,1,7,999,1,2,1, , ,1500,1,2,4,1,2, ,2,5,3,1,1,1,1,1,0,2, , , , , ,2,2, ,2, ,2,2,2,2,2,2, , , , , , , ,1,2,1,1,1,0,0,1,0,0,4,3,1,4,4, , ,0,0,0,1,0,1,0,0,1,0,1,3,4,3,1,3,5,3,1,1,1,1,1,1
1976,4,3,1,1,5,10,1,1,2,4, ,3000,1,2,2,1,2, ,5,5,1,2,1,1,1,1,0,1,0,1,0,0,0,2,2, ,2, ,2,2,2,2,2,1,0,0,0,0,0,0,1,1,3,1,1,2,1,1,1,0,1,2,1,1,3,1,1,10,1,0,0,1,0,0,0,0,0,1,1,3,3,4,2,4,3,2,2,3,2,1,2,2
1995,6,3,1,1,7,999,2,1,1, , ,150,2,3,1,3,2, ,1,5,3,2,0,0,1,1,0,2, , , , , ,1,2, ,2, ,2,2,2,2,2,1,1,0,0,0,0,0,0,1,2,2,2,2,1,1,1,1,0,2,1,2,2,4,1,999,1,1,0,1,0,0,0,0,0,0,2,5,3,3,2,2,3,4,1,1,2,2,2,2
2002,4,3,2, ,13,999,2,2,2,1, ,999999999, ,3,4,2,2, ,3,1,3,2,0,0,1,1,0,2, , , , , ,2,2, ,2, ,2,2,2,2,2,2, , , , , , , ,1,2,1,1,2,0,0,1,0,1,4,4,1,4,2, , ,1,0,1,0,0,1,0,0,0,0,2,3,3,3,4,4,3,4,4,2,2,3,2,5
2094,5,3,2, ,13,999,1,2,1, , ,640,1,2,1,2,2, ,1,5,4,3,0,0,1,0,0,2, , , , , ,2,2, ,2, ,2,2,2,2,2,2, , , , , , , ,3,4,2,2,2,1,1,1,1,0,2,2,1,2,5,2, ,0,0,0,1,1,0,1,0,0,0,1,3,3,4,2,4,2,4,3,4,4,4,4,4
2100,5,3,2, ,13,999,1,2,2,1, ,999999999, ,5,1,3,2, ,1,1,3,2,0,1,1,0,0,1,0,0,1,0,0,2,2, ,2, ,2,2,2,2,2,2, , , , , , , ,2,3,2,2,2,0,0,0,0,1,4,4,3,4,2, , ,1,0,1,0,0,1,0,0,0,0,2,3,3,3,4,4,4,3,4,4,4,4,4,4
2102,5,3,1,1,3,999,1,2,1, , ,999999999, ,4,4,2,2, ,1,1,3,2,0,1,1,1,0,2, , , , , ,2,2, ,2, ,2,2,2,2,2,2, , , , , , , ,1,1,3,3,2,0,0,0,1,0,5,3,3,1,5, , ,1,1,0,0,0,0,1,0,0,0,3,4,4,5,2,4,4,4,5,4,4,4,4,5
2107,4,3,2, ,13,999,1,2,1, , ,999999999, ,3,1,3,2, ,1,5,2,1,1,1,1,0,0,2, , , , , ,2,2, ,1,3,1,2,2,1,1,1,0,0,0,0,0,0,1,2,2,2,3,2,1,1,1,0,1,1,1,2,4,2,1,999,1,1,0,0,0,1,0,0,0,0,1,2,2,2,4,2,2,2,3,3,3,3,3,3
2111,5,1,1,1,13,999,1,2,1, , ,2000,1,5,1,3,2, ,2,4,2,1,1,0,1,1,0,2, , , , , ,2,2, ,2, ,2,2,2,2,2,2, , , , , , , ,2,4,1,1,3,0,0,1,0,0,4,5,2,5,3, , ,0,0,0,0,0,0,0,0,0,1,1,4,4,4,2,3,4,4,1,1,5,3,5,3
2125,6,5,1,1,13,999,3,1,3,3,3,999999999, ,2,1,2,2, ,2,5,2,1,1,1,1,1,1,1,0,1,0,0,0,2,2, ,2, ,2,2,2,2,2,2, , , , , , , ,1,1,3,3,1,0,0,0,0,1,5,5,3,5,2, , ,0,1,0,0,1,0,0,0,1,0,1,3,3,4,2,5,3,3,1,1,1,1,1,1
2175,4,1,2, ,13,999,2,1,2,2, ,100,2,4,1,3,2, ,5,1,3,2,1,0,1,0,1,2, , , , , ,2,2, ,2, ,2,2,2,2,2,1,0,0,0,0,0,0,1,1,1,1,1,1,1,1,1,0,1,1,1,1,3,2,1,5,0,0,0,0,0,0,0,0,0,1,3,2,3,3,2,4,4,3,1,1,1,1,1,1
2200,4,1,1,1,3,10,1,1,2,1, ,11,1,2,3,2,3, ,1,5,3,2,1,1,1,1,1,2, , , , , ,1,2, ,2, ,1,2,2,2,1,2, , , , , , , ,1,1,1,1,1,0,0,1,1,0,5,3,1,2,4, , ,0,0,0,0,0,0,0,0,0,1,1,3,3,2,2,4,5,3,1,1,1,1,4,1
2220,5,3,1,1,5,999,1,2,1, , ,700,1,3,2,2,2, ,1,1,4,3,0,0,1,1,0,2, , , , , ,2,2, ,2, ,2,2,2,2,2,1,0,0,0,0,0,1,0,2,2,2,2,2,0,0,1,1,1,4,4,2,2,2, , ,1,0,0,1,0,0,1,0,0,0,2,3,4,3,2,2,4,4,2,2,3,2,2,3
2242,6,3,1,1,13,999,2,1,3,2,2,999999999, ,5,3,2,2, ,5,1,4,2,1,1,1,1,0,2, , , , , ,2,2, ,2, ,2,2,2,2,2,2, , , , , , , ,1,1,1,1,1,1,1,1,0,0,2,2,1,4,5,1,999,1,0,0,0,0,0,0,0,0,0,1,1,3,3,2,4,5,4,2,1,1,1,1,3
2286,5,3,1,1,4,999,4,2,3,5,5,3000,1,3,1,3,2, ,1,1,3,2,1,1,1,1,1,2, , , , , ,2,2, ,2, ,2,2,2,1,2,2, , , , , , , ,1,2,1,1,1,1,1,1,0,0,2,2,1,4,4,2, ,1,1,0,0,0,0,0,0,0,0,2,2,3,3,3,3,4,3,1,1,1,1,1,1
2305,6,4,1,1,13,999,2,1,3,1,1,1200,1,1,3,1,2, ,2,5,3,3,1,0,1,1,0,2, , , , , ,2,2, ,1,4,1,2,2,2,2,2, , , , , , , ,1,2,2,2,2,0,0,1,1,0,4,4,2,2,4, , ,1,0,0,1,0,1,0,0,0,0,1,4,4,2,1,4,4,4,1,2,2,2,2,2
2351,2,5,1,1,13,999,1,1,2,3, ,4500,1,3,1,3,2, ,1,5,2,2,1,0,1,1,0,2, , , , , ,2,2, ,2, ,2,2,2,2,2,2, , , , , , , ,1,1,1,1,1,0,0,1,0,0,5,5,1,5,3, , ,1,1,0,1,0,0,0,0,0,0,5,3,5,5,3,1,3,5,1,1,2,1,1,1
2376,6,3,1,1,13,999,1,1,2,1, ,3000,1,3,1,1,3, ,3,5,3,2,1,1,1,1,0,2, , , , , ,2,2, ,2, ,2,2,2,2,2,2, , , , , , , ,1,3,2,2,2,0,0,1,0,0,3,3,2,3,3, , ,1,1,0,1,0,0,0,0,0,0,1,2,3,2,3,4,4,3,1,1,1,1,2,1
2392,4,2,2, ,13,999,1,2,1, , ,999999999, ,2,1,3,2, ,1,5,3,2,0,0,1,0,1,2, , , , , ,1,2, ,2, ,2,2,2,2,2,2, , , , , , , ,3,3,1,3,4,1,0,1,1,0,1,4,2,2,3,2, ,0,0,0,0,0,0,0,0,0,1,1,2,3,2,2,3,2,3,1,1,5,3,3,5
2402,2,6,1,1,13,999,1,2,1, , ,1400,1,1,1,1,2, ,5,5,1,1,1,0,1,1,0,2, , , , , ,2,2, ,2, ,2,2,2,2,2,2, , , , , , , ,1,1,1,1,1,1,1,1,0,0,1,1,1,5,5,1,999,0,0,0,0,0,0,0,0,0,1,1,3,1,3,4,5,3,5,3,3,3,3,3,3
2413,5,3,2, ,13,999,1,1,1, , ,999999999, ,2,1,2,2, ,1,5,2,1,1,1,1,0,0,1,0,1,0,0,0,2,2, ,2, ,1,2,2,2,2,2, , , , , , , ,1,1,1,1,1,0,0,1,0,1,3,3,2,4,2, , ,1,1,0,0,0,1,0,0,0,0,3,2,4,4,2,4,4,4,2,2,2,2,2,2
2441,6,4,2, ,13,10,1,1,3,1,1,1800,1,4,2,2,3, ,1,5,1,1,1,1,1,0,0,2, , , , , ,2,2, ,2, ,2,2,2,1,2,1,1,0,0,0,0,0,0,1,1,1,1,1,1,1,1,0,0,2,2,1,5,3,2, ,1,0,0,0,0,0,0,0,0,0,1,4,1,5,5,5,5,1,1,1,1,1,1,1
2506,4,5,1,1,13,2,1,1,2,4, ,999999999, ,5,1,3,2, ,1,5,2,1,1,1,1,1,0,1,0,1,0,0,0,2,2, ,2, ,2,2,2,1,1,2, , , , , , , ,1,3,1,1,1,0,0,1,0,1,4,4,1,4,1, , ,1,1,0,0,0,0,1,0,0,0,1,3,4,1,2,3,1,1,1,1,1,1,1,1
2516,6,3,1,1,13,999,1,2,2,1, ,2400,1,5,1,3,2, ,3,1,3,2,1,1,1,1,0,1,0,0,1,0,0,2,2, ,2, ,1,2,1,1,1,2, , , , , , , ,1,1,1,1,1,1,1,1,1,1,1,1,1,2,2,1,3,1,0,0,1,0,0,0,1,0,0,1,1,1,4,2,5,4,4,4,4,2,2,1,2
2521,4,4,1,2,13,10,1,2,2,4, ,4000,1,2,1,2,2, ,1,1,3,2,0,1,1,1,0,2, , , , , ,2,2, ,2, ,2,2,2,2,2,2, , , , , , , ,1,2,1,2,1,0,0,1,1,0,4,4,1,2,4, , ,0,0,0,0,0,1,0,0,0,0,2,5,5,3,2,5,5,3,1,1,1,3,3,1
2524,6,3,1,1,13,999,2,1,3,1,2,900,1,4,4,1,3, ,1,2,4,3,1,0,1,1,0,2, , , , , ,2,2, ,2, ,2,2,2,2,2,1,0,0,0,0,0,1,0,1,1,1,1,1,1,1,1,0,1,2,2,2,4,2,2, ,1,1,0,0,0,1,0,0,0,0,2,4,4,5,2,2,4,4,1,1,3,1,3,3
2550,3,4,1,1,5,999,1,2,1, , ,8000,1,3,1,3,2, ,1,5,3,2,0,0,1,1,1,2, , , , , ,2,2, ,2, ,2,2,2,2,2,1,1,1,0,0,0,0,0,1,1,1,1,3,0,0,1,1,0,4,4,1,2,4, , ,1,1,0,0,0,0,0,0,0,0,1,1,1,4,2,3,4,3,1,1,1,3,3,3
2554,6,6,1,1,9,1,3,1,1, , ,1900,1,2,1,2,3, ,2,5,3,3,0,0,1,1,0,2, , , , , ,2,2, ,2, ,2,2,1,2,2,1,1,0,0,0,0,0,0,1,1,1,1,1,1,1,1,0,0,1,1,1,3,4,1,15,1,0,1,1,0,0,0,0,0,0,1,2,3,3,2,3,2,2,1,1,2,1,2,3
2639,1,1,1,1,4,999,3,1,3,3,3,999999999, ,3,1,3,3, ,4,4,1,1,0,0,1,1,1,2, , , , , ,2,2, ,2, ,2,2,2,1,2,1,0,0,0,0,0,1,0,5,5,2,4,2,0,0,0,0,1,5,5,4,5,2, , ,0,1,0,0,1,0,0,1,0,0,2,3,2,2,4,2,5,4,3,2,2,4,4,2
2644,5,3,2, ,13,999,1,2,3,5,5,999999999, ,2,3,2,2, ,2,5,4,3,0,1,1,1,0,2, , , , , ,2,2, ,2, ,2,2,2,2,2,2, , , , , , , ,1,1,1,1,1,0,1,0,1,1,4,2,4,2,1,2, ,1,1,0,0,0,0,0,0,0,1,1,5,5,5,1,3,5,5,1,1,1,2,2,2
2655,5,3,1,1,13,5,2,1,2,1, ,2200,1,2,1,1,2, ,1,5,3,1,1,1,1,1,0,2, , , , , ,2,2, ,2, ,2,2,2,2,1,2, , , , , , , ,2,1,2,2,2, , , , , ,5,5,3,3,4, , ,0,0,0,1,0,1,0,0,1,0,3,2,3,3,4,5,4,4,1,1,3,2,3,2
2674,4,1,2, ,13,999,1,1,2,1, ,999999999, ,5,1,3,2, ,1,1,3,2,1,0,1,0,0,2, , , , , ,2,2, ,2, ,2,2,1,1,2,2, , , , , , , ,1,2,1,2,1,0,0,1,0,1,3,4,1,4,2, , ,1,1,0,0,0,1,0,0,0,0,2,4,4,3,5,4,4,3,1,1,1,3,3,1
2687,6,3,1,1,13,999,1,1,3,1,1,999999999, ,2,1,2,2, ,1,4,3,2,0,1,1,1,1,1,0,1,0,0,0,2,2, ,2, ,2,2,1,1,1,2, , , , , , , ,1,1,3,3,1,1,1,1,0,0,2,2,2,3,3,2, ,0,0,0,1,0,0,0,0,0,0,2,3,3,3,3,3,5,3,1,1,1,1,1,1
2722,5,3,1,1,13,30,1,2,1, , ,999999999, ,4,2,1,2, ,1,1,4,2,1,1,1,1,0,2, , , , , ,2,2, ,2, ,1,2,2,2,2,2, , , , , , , ,1,1,1,1,2,1,1,1,0,0,2,2,1,4,4,1,999,0,0,0,0,0,0,0,0,1,0,1,4,3,4,4,2,2,4,1,1,1,1,4,4
2739,6,4,1,1,13,999,3,1,3,3,3,999999999, ,3,1,3,2, ,4,5,2,1,1,1,1,1,0,2, , , , , ,2,2, ,2, ,2,2,2,2,2,2, , , , , , , ,1,2,1,1,3,1,1,1,0,1,1,1,1,3,2,1,10,0,1,0,0,0,0,0,0,0,1,1,1,1,1,1,5,3,5,1,1,5,1,1,1
2759,4,3,1,1,3,999,1,1,1, , ,4000,1,2,1,2,2, ,1,5,3,2,0,0,1,1,1,2, , , , , ,2,2, ,2, ,2,2,2,1,2,2, , , , , , , ,1,1,1,1,2,1,0,1,0,0,1,3,1,4,5,2, ,1,0,0,0,0,0,0,0,0,0,1,3,3,4,2,4,4,4,2,2,5,1,5,5
2764,4,4,1,1,13,999,2,1,3,1,1,3000,1,2,1,2,2, ,1,5,2,1,1,1,1,1,0,1,0,0,1,0,0,1,2, ,2, ,2,2,1,1,2,2, , , , , , , ,1,2,1,1,1,0,0,1,1,1,3,3,1,1,2, , ,1,1,0,0,1,0,0,0,0,0,1,2,3,2,2,3,4,5,1,1,1,1,3,3
2812,6,3,1,1,13,999,1,2,1, , ,600,1,1,1,1,2, ,5,5,3,1,0,1,1,1,0,2, , , , , ,2,2, ,2, ,2,2,2,2,2,1,0,0,1,0,0,0,0,3,3,3,2,3,1,0,0,0,0,2,5,4,4,4,2, ,0,0,0,0,0,0,0,0,0,1,1,5,3,3,3,3,5,4,3,3,5,3,5,5
2818,5,4,1,1,13,999,1,2,1, , ,999999999, ,3,1,2,3, ,1,1,4,3,0,1,1,1,0,2, , , , , ,2,2, ,2, ,2,2,2,2,2,2, , , , , , , ,1,1,1,1,1,1,1,1,1,1,1,1,1,1,1,1,999,1,1,1,0,0,0,0,0,0,0,2,2,2,2,2,2,2,2,2,2,2,1,2,1
2823,6,6,1,1,13,999,3,1,3,3,3,6200,1,5,1,3,2, ,3,5,2,3,1,1,1,1,1,2, , , , , ,2,2, ,2, ,2,2,1,1,2,2, , , , , , , ,1,1,1,1,1,0,0,1,0,0,4,3,1,5,5, , ,0,0,0,1,0,0,1,1,0,0,1,4,3,5,5,5,5,5,3,3,3,3,3,3
2824,5,1,2, ,13,999,1,1,3,1,1,999999999, ,4,4,3,2, ,4,1,2,3,1,0,1,0,0,2, , , , , ,2,2, ,2, ,1,2,2,2,2,1,1,0,0,0,0,0,0,1,1,1,1,1,1,1,1,1,0,2,2,1,1,4,1,999,1,1,0,1,0,0,0,0,0,0,1,1,1,2,3,4,2,4,1,1,1,1,1,1
2830,5,4,1,1,13,999,1,2,1, , ,150,2,1,1,1,3, ,1,5,3,2,1,1,1,1,0,2, , , , , ,2,2, ,2, ,2,2,2,1,2,2, , , , , , , ,2,3,2,2,1,0,0,1,0,0,3,3,2,3,3, , ,0,1,0,1,0,1,0,0,0,0,2,3,3,4,3,4,3,3,1,1,1,1,1,1
2845,6,4,1,1,13,999,1,2,1, , ,8000,1,1,1,1,2, ,3,5,1,1,1,0,1,1,0,1,0,1,1,0,0,2,2, ,2, ,2,2,2,2,2,1,0,0,0,0,0,0,1,2,2,4,2,2,1,1,0,1,0,2,2,3,2,4,2, ,0,1,0,0,0,0,1,0,1,0,4,4,1,4,4,2,4,5,2,2,2,2,2,2
2882,5,2,2, ,13,999,2,1,3,1,1,900,1,1,1,1,2, ,3,5,1,1,1,1,1,1,0,2, , , , , ,2,2, ,2, ,2,2,2,1,2,2, , , , , , , ,1,1,1,1,1,0,0,1,0,1,4,4,1,5,1, , ,1,1,0,0,0,1,0,0,0,0,1,2,2,4,1,2,4,4,2,1,4,1,1,4
2913,5,1,1,1,13,999,2,1,3,1,1,999999999, ,1,1,1,1,1,5,5,3,1,1,1,1,1,0,2, , , , , ,2,2, ,2, ,2,2,2,2,2,2, , , , , , , ,2,2,1,1,2,0,0,1,0,0,3,4,1,3,3, , ,0,0,0,0,0,1,1,0,0,0,2,3,3,3,3,3,5,5,1,1,3,1,3,3
2916,6,1,2, ,3,5,1,1,3,2,2,700,1,4,3,1,2, ,2,1,3,2,1,0,1,1,0,2, , , , , ,2,2, ,2, ,2,2,2,2,2,2, , , , , , , ,2,2,2,2,2,0,0,1,0,0,4,4,2,5,5, , ,1,1,0,0,0,1,0,0,0,0,2,3,3,5,3,3,5,5,2,2,1,2,3,3
2923,5,5,1,1,13,8,1,1,1, , ,999999999, ,1,2,1,2, ,3,5,1,1,1,1,1,1,0,2, , , , , ,2,2, ,2, ,2,2,2,1,2,2, , , , , , , ,1,1,1,1,1,0,1,1,0,0,3,2,1,4,5,1,50,1,0,0,1,0,1,0,0,0,0,2,4,4,3,2,5,5,4,1,1,1,1,1,1
2929,4,3,2, ,4,25,1,1,2,1, ,850,1,4,1,3,2, ,5,1,3,2,1,1,1,1,0,2, , , , , ,2,2, ,2, ,2,2,2,1,2,2, , , , , , , ,1,3,1,1,4,0,0,1,0,1,3,3,1,4,1, , ,1,1,0,0,1,0,0,0,0,0,5,4,2,2,2,2,2,3,4,5,5,4,4,4
2930,4,3,1,1,13,25,1,1,1, , ,999999999, ,4,4,3,2, ,1,1,1,1,0,1,1,1,1,2, , , , , ,2,2, ,2, ,2,2,2,2,2,2, , , , , , , ,1,1,1,1,1,1,1,1,0,1,2,2,1,4,1,1,2,0,1,0,1,0,0,0,0,0,0,1,2,1,3,1,4,4,4,1,1,1,1,2,1
2939,2,4,1,1,13,999,1,2,1, , ,15000,1,2,1,2,2, ,2,5,3,1,1,1,1,1,1,2, , , , , ,1,2, ,2, ,2,2,2,2,2,2, , , , , , , ,2,2,2,2,2,1,1,1,1,0,2,2,1,2,3,2, ,1,1,0,1,0,0,0,0,0,0,1,2,2,2,2,3,2,4,4,2,3,3,3,4
2978,6,5,1,1,1,999,1,2,1, , ,999999999, ,2,1,2,2, ,3,5,2,3,1,1,1,1,0,2, , , , , ,2,2, ,2, ,1,2,2,2,2,1,0,0,0,0,0,1,0,1,1,1,1,1,0,0,1,1,0,3,3,1,2,3, , ,0,0,0,0,1,1,0,0,1,0,3,2,3,2,1,2,4,3,2,1,1,1,1,1
3013,5,4,1,1,13,999,1,2,1, , ,999999999, ,5,1,3,2, ,2,2,3,2,0,1,1,1,0,2, , , , , ,1,2, ,2, ,2,2,2,2,2,2, , , , , , , ,1,3,1,5,4, , , , , ,4,5,5,5,3, , ,0,0,0,0,0,1,0,0,0,0,1,1,3,3,3,3,3,3,1,1,3,5,5,3
3041,2,3,1,1,13,999,2,1,3,2,2,2000,1,1,4,1,3, ,5,5,3,1,0,0,1,1,1,2, , , , , ,2,2, ,2, ,2,2,1,1,1,2, , , , , , , ,1,3,1,1,1,1,1,1,1,0,1,1,1,2,3,1,25,1,1,0,0,0,0,0,0,0,0,1,2,2,2,3,2,2,3,1,1,1,1,1,1
3054,6,3,2, ,13,999,1,2,3,1,1,999999999, ,1,3,1,2, ,1,5,1,1,0,0,1,0,0,2, , , , , ,2,2, ,2, ,2,2,2,2,2,2, , , , , , , ,1,1,1,1,1,1,1,1,1,0,1,1,1,1,4,2, ,1,1,0,1,0,0,0,0,0,0,1,1,1,1,1,1,2,3,1,1,3,1,1,1
3063,6,5,1,1,13,999,3,1,3,3,3,999999999, ,5,1,3,3, ,1,3,2,3,1,0,1,1,0,1,0,0,1,0,0,2,2, ,2, ,2,2,2,1,1,2, , , , , , , ,1,1,1,1,1,1,1,1,0,0,1,1,1,3,4,2, ,0,1,0,1,1,0,0,0,0,0,1,2,2,2,1,4,3,2,1,1,1,1,1,1
3104,6,3,2, ,13,20,1,1,1, , ,180,1,3,1,3,2, ,3,5,3,2,0,0,1,1,0,2, , , , , ,2,2, ,2, ,2,2,2,2,2,2, , , , , , , ,3,5,5,5,5,1,1,1,1,1,1,1,2,2,2,2, ,1,1,0,0,1,0,0,0,0,0,2,2,2,2,3,2,4,2,2,2,4,2,5,5
3147,5,3,1,1,4,999,2,1,3,2,2,2000,1,4,1,3,2, ,4,5,1,1,1,0,1,1,0,2, , , , , ,2,2, ,2, ,2,2,2,2,2,1,0,0,1,0,0,0,0,4,1,1,1,1,1,1,1,1,1,2,1,1,1,1,1,999,1,1,0,1,0,0,0,0,0,0,1,1,1,2,1,2,4,2,1,1,2,1,1,1
3200,5,4,1,1,13,10,2,1,1, , ,3500,1,5,4,1,3, ,1,1,3,3,1,1,1,1,0,2, , , , , ,2,2, ,2, ,2,2,2,2,2,2, , , , , , , ,1,1,1,1,1,0,0,1,0,0,4,4,1,3,4, , ,0,0,0,1,0,1,1,0,0,0,3,3,3,3,3,4,5,5,2,2,1,2,3,3
3206,6,4,1,1,7,999,1,1,1, , ,1600,1,3,3,1,2, ,3,5,1,1,0,1,1,1,0,2, , , , , ,2,2,2,2, ,1,2,2,2,2,2, , , , , , , ,1,2,1,1,1,0,0,1,0,0,4,4,1,3,4, , ,1,1,0,1,0,0,0,0,0,0,1,2,2,4,4,4,2,4,1,1,1,1,2,1
3214,5,4,1,1,5,2,1,2,1, , ,1500,1,5,1,2,2, ,1,5,1,1,1,0,1,1,0,1,0,1,0,0,0,2,2, ,2, ,2,2,2,2,2,2, , , , , , , ,1,2,2,2,2,1,0,1,1,0,1,4,1,1,4,2, ,0,0,0,1,1,1,0,0,0,0,1,1,1,2,1,5,1,1,3,3,3,3,3,3
3225,5,5,1,1,9,999,1,2,1, , ,4000,1,5,4,3,2, ,1,1,3,2,1,1,1,1,0,2, , , , , ,2,2, ,2, ,2,2,2,2,2,2, , , , , , , ,1,1,4,4,1, , , , , ,4,4,4,3,4, , ,1,0,1,1,0,0,0,0,0,0,1,1,1,1,1,4,1,4,1,1,4,1,1,1
3263,6,4,1,1,13,999,2,1,3,2,2,1000,1,5,4,3,2, ,1,1,3,2,1,1,1,1,0,2, , , , , ,2,2, ,2, ,2,2,2,1,2,2, , , , , , , ,1,1,1,1,2,1,1,1,0,1,1,1,1,3,1,2, ,0,1,0,0,1,1,0,0,0,0,2,2,2,4,2,2,4,4,2,2,4,2,3,3
3274,4,4,1,1,4,999,1,1,1, , ,2100,1,4,4,3,2, ,1,1,3,2,0,1,1,1,0,2, , , , , ,2,2, ,2, ,2,2,2,1,2,2, , , , , , , ,1,1,1,1,1,1,0,1,1,1,2,3,2,2,1,2, ,0,0,0,1,0,1,1,0,0,0,2,2,3,4,3,4,3,3,3,2,1,2,2,3
3285,6,3,1,1,13,5,1,2,1, , ,6000,1,2,1,2,2, ,1,5,2,1,0,0,1,1,0,2, , , , , ,2,2, ,2, ,1,2,2,2,2,2, , , , , , , ,2,4,2,2,4,1,1,0,0,0,2,2,3,4,4,1,2,1,1,0,0,0,1,0,0,0,0,2,2,2,3,2,2,2,3,4,2,4,4,4,4
3360,2,4,1,1,13,7,1,2,1, , ,3000,1,3,1,3,2, ,2,5,2,2,1,1,1,1,0,1,0,1,0,0,0,1,2, ,2, ,1,2,1,1,2,2, , , , , , , ,3,3,1,1,2,1,1,0,1,0,1,1,3,1,5,1,50,0,1,1,1,0,0,0,0,0,0,3,3,3,3,1,3,4,3,4,2,1,1,1,1
3392,5,1,1,1,3,999,3,1,3,3,3,2000,1,3,1,2,2, ,3,5,2,1,1,1,1,1,0,1,0,1,1,0,0,2,2, ,2, ,1,2,2,1,2,2, , , , , , , ,2,3,1,1,1,0,0,1,1,0,3,3,2,2,3, , ,1,0,0,0,0,0,1,0,0,0,1,3,3,3,3,2,5,2,1,2,1,2,1,1
3395,5,4,2, ,3,70,1,1,2,1, ,999999999, ,4,4,3,2, ,1,5,3,1,1,1,1,1,0,2, , , , , ,2,2, ,2, ,2,2,2,2,2,1,0,0,1,0,0,0,0,1,1,1,1,1,1,1,1,1,0,1,1,1,2,4,1,5,1,1,0,1,0,0,0,0,0,0,1,4,2,3,5,4,5,4,2,1,1,1,2,4
3413,2,6,1,1,13,999,1,2,1, , ,10000,1,1,1,1,3, ,5,5,1,1,1,0,1,1,1,2, , , , , ,2,2, ,2, ,2,1,1,1,1,1,0,0,0,0,0,0,1,1,1,1,1,1,1,1,1,1,0,2,1,1,1,3,1,15,0,0,0,1,0,0,0,0,0,0,1,5,5,5,3,5,4,4,1,1,1,1,1,1
3415,2,3,1,2,1,5,2,1,2,1, ,999999999, ,3,1,3,2, ,3,1,3,1,0,0,1,0,1,2, , , , , ,2,2, ,2, ,2,2,2,2,2,2, , , , , , , ,1,4,1,1,3,1,1,0,0,0,2,1,4,3,4,1,50,0,0,0,0,1,1,1,0,0,0,1,4,2,2,1,1,2,4,4,4,3,3,3,4
3422,5,8,1,1,13,999,2,1,1, , ,999999999, ,2,1,1,2, ,1,5,4,3,1,0,1,1,0,2, , , , , ,2,2, ,2, ,2,2,2,2,1,1,0,0,0,0,0,1,0,1,1,1,1,1,1,1,1,1,0,2,2,1,2,4,1,999,0,0,1,1,0,0,1,0,0,0,1,3,3,2,2,3,2,3,2,2,2,1,1,5
3429,6,3,2, ,13,999,2,1,3,2,2,1200,1,1,1,3,2, ,2,5,1,1,1,1,1,0,0,1,1,0,0,0,0,2,2, ,2, ,2,2,2,2,2,1,0,0,0,0,0,1,0,2,2,1,1,1,1,1,1,1,0,2,2,1,1,5,2, ,0,0,0,0,0,1,0,0,0,0,2,3,2,4,4,2,2,1,2,1,1,1,1,1
3432,5,4,2, ,4,999,1,2,2,1, ,450,1,3,4,3,3, ,5,1,1,3,1,1,1,1,0,2, , , , , ,2,2, ,2, ,2,2,2,2,2,1,0,1,0,0,0,0,0,1,1,1,1,1,1,1,1,0,0,1,1,1,5,5,2, ,1,1,0,1,0,0,0,0,0,0,1,1,1,1,1,4,4,4,2,1,1,1,1,1
3462,2,3,1,1,3,999,1,1,2,1, ,1400,1,3,1,3,2, ,1,5,2,1,0,1,1,1,0,2, , , , , ,2,1,2,2, ,2,2,2,1,1,2, , , , , , , ,3,3,1,2,1,0,1,1,1,0,3,1,1,2,3,2, ,0,0,0,0,0,1,0,0,0,0,1,1,2,2,3,2,5,3,1,1,1,1,1,1
3515,5,4,1,1,6,999,1,1,1, , ,2500,1,2,1,2,2, ,4,5,3,1,1,0,1,1,0,2, , , , , ,2,2, ,2, ,2,2,2,2,2,1,1,0,0,0,0,0,0,1,3,1,1,2,0,0,1,0,0,3,3,2,4,3, , ,1,1,0,0,0,1,0,0,0,0,1,4,5,3,1,3,4,3,2,4,1,1,3,4
3532,4,3,1,1,13,999,1,2,2,1, ,999999999, ,5,1,3,2, ,1,1,3,2,1,0,1,1,0,2, , , , , ,2,2, ,2, ,2,2,2,2,2,2, , , , , , , ,1,2,2,2,2,0,1,1,1,0,4,2,2,2,4,2, ,1,0,1,0,1,0,0,0,0,0,1,1,1,1,1,3,1,4,4,1,1,1,1,1
3566,2,3,1,1,13,999,1,2,1, , ,4200,1,2,1,2,2, ,1,5,4,3,0,1,1,1,0,1,0,1,0,0,0,2,2, ,2, ,2,2,2,2,2,2, , , , , , , ,3,1,1,1,1,0,1,1,0,0,4,2,1,3,3,1,999,0,0,0,0,0,0,0,0,0,1,1,1,3,4,1,4,5,4,2,1,5,3,5,5
3574,4,3,1,1,13,999,1,2,2,1, ,999999999, ,2,1,2,3, ,1,5,2,1,1,0,1,1,0,1,0,1,0,0,0,2,2, ,2, ,2,2,2,2,2,2, , , , , , , ,1,4,2,1,1,1,0,1,0,0,1,4,1,4,4,1,999,1,1,0,1,0,0,0,0,0,0,1,2,3,2,4,3,4,4,1,1,1,2,2,1
3619,6,3,2, ,1,999,1,2,2,1, ,999999999, ,4,1,2,2, ,1,1,3,2,1,1,1,1,0,2, , , , , ,2,2, ,2, ,2,2,2,2,2,1,0,0,0,0,0,1,0,1,2,1,1,1,0,0,1,0,0,5,3,1,3,3, , ,1,0,0,0,1,0,1,0,0,0,4,3,4,3,4,4,4,4,1,1,3,3,1,2
3656,3,3,1,1,2,2,1,2,1, , ,1200,1,4,4,3,2, ,1,1,3,2,0,0,1,1,1,2, , , , , ,2,2, ,2, ,1,2,2,2,2,2, , , , , , , ,2,2,1,2,2,0,0,1,1,0,4,4,1,2,4, , ,0,0,0,1,1,1,0,0,0,0,1,1,4,2,2,5,2,4,2,1,2,2,2,2
3664,6,2,1,1,13,15,3,1,3,3,3,300,1,4,1,3,2, ,4,1,3,2,1,1,1,1,0,2, , , , , ,2,2, ,2, ,1,2,2,2,2,2, , , , , , , ,1,1,1,1,1,0,0,1,0,0,5,5,1,5,5, , ,1,1,0,1,0,0,0,0,0,0,2,1,3,4,5,3,4,4,1,1,1,1,1,1
3666,4,3,1,1,13,999,1,2,2,1, ,1000,1,4,4,3,3, ,2,1,4,3,0,1,1,1,0,1,0,0,1,0,0,2,2, ,2, ,2,2,2,2,2,2, , , , , , , ,1,1,1,1,1,0,0,1,0,0,3,5,1,3,3, , ,1,1,0,0,0,1,0,0,0,0,1,3,3,4,3,2,3,3,1,1,1,1,3,3
3672,6,3,1,1,13,999,2,1,3,2,2,1000,1,5,4,3,2, ,4,4,3,2,1,1,1,1,0,1,0,1,0,0,0,2,2, ,2, ,2,2,2,2,2,2, , , , , , , ,1,3,1,3,3,0,0,1,0,0,4,4,2,3,3, , ,1,0,0,0,0,0,0,0,0,0,1,3,3,3,2,3,4,3,3,1,2,3,3,1
3692,5,4,1,1,4,3,1,1,1, , ,2700,1,4,3,3,2, ,1,5,4,2,1,1,1,1,0,2, , , , , ,2,2, ,2, ,2,2,2,2,2,2, , , , , , , ,1,1,1,2,1,0,0,1,0,0,4,5,1,4,3, , ,1,1,0,1,0,0,0,0,0,0,2,4,3,5,2,4,4,5,2,2,1,2,2,2
3746,2,3,1,1,13,999,2,1,3,2,2,15000,1,3,1,3,2, ,1,1,3,2,1,0,0,0,0,2, , , , , ,1,2, ,2, ,2,2,2,2,2,2, , , , , , , ,1,1,1,1,1,0,0,1,0,0,4,4,1,3,4, , ,1,1,0,1,0,0,0,0,0,0,1,3,3,5,2,4,4,4,2,1,1,1,1,1
3755,6,3,1,1,4,4,2,1,3,2,2,1000,1,3,1,3,2, ,2,5,3,3,1,1,1,1,0,1,0,0,1,0,0,2,2, ,2, ,2,2,1,1,1,1,0,0,0,0,0,1,0,1,1,1,1,1,0,0,1,0,1,4,4,1,5,2, , ,1,1,0,1,0,0,0,0,0,0,5,5,5,4,5,5,5,5,2,1,5,1,1,1
3776,2,4,1,1,13,999,4,2,3,5,5,999999999, ,2,1,2,2, ,2,5,4,3,1,0,1,1,0,2, , , , , ,2,2, ,2, ,2,2,2,2,2,1,0,0,0,0,0,0,1,1,1,1,1,1,1,1,1,1,0,2,1,2,2,3,1,999,0,0,1,0,1,0,0,1,0,0,3,3,2,3,2,2,5,5,1,1,1,1,1,1
3777,2,3,1,2,5,999,2,2,1, , ,2500,1,1,1,2,2, ,1,5,3,2,0,1,1,1,1,2, , , , , ,2,2, ,2, ,2,2,2,2,2,2, , , , , , , ,1,1,1,1,1,1,1,1,1,1,1,2,1,1,1,1,2,1,1,0,1,0,0,0,0,0,0,1,1,3,3,1,1,1,3,2,3,3,3,3,3
3784,5,3,2, ,13,999,1,2,2,1, ,999999999, ,2,4,2,3, ,1,5,2,3,1,1,1,0,0,2, , , , , ,2,2, ,2, ,2,2,2,2,2,2, , , , , , , ,1,1,1,1,1,1,1,1,1,0,1,1,1,1,4,1,999,0,0,0,1,0,0,0,0,0,0,1,4,2,1,2,2,4,4,2,2,4,2,2,4
3788,6,3,2, ,13,999,1,1,2,1, ,999999999, ,4,4,2,3, ,5,4,2,1,1,1,1,0,0,2, , , , , ,2,2, ,1,3,1,2,2,2,2,2, , , , , , , ,2,2,2,2,4,0,1,1,1,0,3,2,2,2,5,2, ,1,1,1,0,0,0,0,0,0,0,2,1,2,1,1,2,1,2,2,2,2,2,2,1
3789,6,3,1,1,13,999,1,2,1, , ,750,1,3,4,3,2, ,1,1,3,2,1,0,1,1,0,2, , , , , ,2,2, ,2, ,2,2,2,1,2,2, , , , , , , ,1,1,1,1,1,1,0,1,0,0,2,4,1,4,4,1,2,0,0,0,1,0,1,1,0,0,0,2,4,3,5,5,5,5,3,1,1,4,4,4,2
3826,3,4,1,1,13,999,1,2,1, , ,4000,1,1,1,1,3, ,5,5,3,1,1,0,1,1,0,2, , , , , ,2,2, ,2, ,1,2,2,1,1,2, , , , , , , ,1,1,1,1,1,1,1,1,0,0,1,1,1,3,5,1,50,0,0,1,1,0,1,0,0,0,0,1,1,1,5,4,1,4,4,3,1,3,1,1,3
3845,5,3,1,2,13,999,1,1,2,4, ,875,1,5,1,3,2, ,1,1,3,2,0,1,1,1,0,2, , , , , ,2,2, ,2, ,2,2,2,2,2,2, , , , , , , ,1,1,1,1,1,0,0,1,0,0,3,3,1,4,3, , ,0,0,0,0,0,0,0,0,0,1,2,1,1,2,3,2,2,1,1,1,3,3,3,3
3852,5,3,1,1,13,5,1,1,1, , ,1000,2,1,1,1,2, ,5,5,3,1,1,0,1,1,0,2, , , , , ,2,2, ,2, ,2,2,2,2,2,2, , , , , , , ,3,3,2,2,3,0,0,1,0,1,3,3,2,4,2, , ,1,0,0,1,0,0,0,0,0,0,3,3,3,3,4,2,3,3,3,2,2,2,2,2
3882,6,4,1,1,13,999,2,1,3,2,2,3000,1,3,1,3,2, ,2,1,2,1,1,0,1,1,0,2, , , , , ,2,2, ,2, ,1,2,2,2,2,2, , , , , , , ,2,2,2,2,2,1,1,1,1,0,2,2,2,2,4,2, ,1,1,0,0,0,1,0,0,0,0,1,5,5,4,3,3,5,4,2,2,2,2,2,2
3885,5,5,1,1,7,999,1,2,1, , ,999999999, ,2,1,1,3, ,1,5,2,3,1,0,1,1,0,2, , , , , ,2,2, ,2, ,1,2,2,1,2,2, , , , , , , ,2,2,2,2,2,1,1,1,0,1,2,2,2,3,2,2, ,0,0,0,1,0,1,1,0,0,0,2,2,2,4,2,2,4,4,2,2,3,2,2,2
3894,5,4,1,1,13,4,1,2,1, , ,2700,1,1,1,1,2, ,4,5,1,1,1,1,1,1,0,2, , , , , ,2,2, ,2, ,2,2,2,1,2,2, , , , , , , ,3,3,2,2,1,1,1,1,0,0,2,2,1,3,4,1,20,0,1,0,0,0,1,1,0,0,0,2,2,4,4,2,4,4,4,2,2,2,2,2,2
3926,4,3,1,1,13,999,2,1,3,2,1,6500,1,2,3,2,2, ,4,5,2,2,1,1,1,1,0,2, , , , , ,2,2, ,1,4,2,2,1,1,1,2, , , , , , , ,1,1,1,1,1,1,1,1,1,0,2,1,1,2,4,1,15,0,0,0,1,0,0,1,0,1,0,1,5,4,3,5,3,5,4,1,1,1,1,1,1
3928,4,3,2, ,2,999,2,1,3,3,3,2000,1,5,1,3,2, ,3,5,2,2,1,1,1,1,0,2, , , , , ,2,2, ,2, ,2,2,2,2,2,1,1,1,1,1,0,0,0,5,4,4,5,5,0,1,0,0,1,3,2,5,4,1,2, ,1,1,0,0,0,1,0,0,0,0,1,1,2,4,3,2,4,4,1,1,2,1,1,1
3929,2,3,2, ,13,5,2,2,2,2, ,520,1,5,1,1,2, ,5,5,1,1,0,1,1,0,1,2, , , , , ,2,2, ,1,5,1,2,2,2,2,2, , , , , , , ,1,5,3,2,4,1,1,1,1,0,1,1,1,1,5,1,999,0,0,0,0,0,1,0,0,0,0,1,3,3,4,1,2,1,3,2,1,5,1,5,5
3930,4,4,1,1,13,999,2,1,2,4, ,999999999, ,3,1,3,2, ,1,5,3,3,0,0,1,1,0,2, , , , , ,2,2, ,2, ,2,2,2,1,2,2, , , , , , , ,1,1,1,1,1,0,0,1,0,0,3,3,1,4,3, , ,1,1,0,0,0,1,0,0,0,0,3,2,3,3,3,5,5,5,1,1,1,1,2,3
3968,6,3,1,1,13,5,1,1,2,1, ,999999999, ,2,4,2,3, ,1,5,4,1,0,1,1,1,0,1,0,1,0,0,0,2,2, ,2, ,2,2,2,2,2,2, , , , , , , ,1,1,1,1,4,1,1,1,1,0,2,2,2,1,4,2, ,0,0,0,0,0,0,0,0,0,1,1,4,3,2,4,2,2,4,4,1,1,1,1,1
3987,5,5,1,1,13,999,1,2,1, , ,600,2,2,4,2,2, ,1,5,2,1,1,0,1,1,0,2, , , , , ,1,2, ,2, ,2,2,2,2,2,2, , , , , , , ,1,1,1,1,3,0,0,1,0,0,4,4,1,4,4, , ,1,0,0,1,0,0,1,0,0,0,2,2,3,4,1,2,3,3,1,1,1,1,1,1
4015,6,1,2, ,13,999,4,1,3,5,5,250,1,1,1,1,2, ,5,5,3,1,1,1,1,0,0,2, , , , , ,2,2, ,2, ,2,2,2,1,2,1,0,0,0,0,0,1,0,1,1,1,3,5,1,1,1,1,1,1,1,1,1,1,1,12,0,0,0,0,0,0,0,0,0,1,1,1,1,1,5,5,5,3,1,2,4,1,1,1
4017,6,3,1,1,13,999,1,1,4, ,4,999999999, ,4,1,3,2, ,2,1,3,2,1,1,1,1,0,2, , , , , ,2,2, ,2, ,2,2,2,2,2,2, , , , , , , ,2,4,4,4,4,1,0,1,1,1,2,4,2,2,2,1,999,1,1,0,1,0,0,0,0,0,0,2,2,2,2,2,2,4,4,3,5,2,2,2,2
4042,4,3,1,1,13,5,1,1,2,1, ,3000,1,4,4,3,2, ,1,1,3,2,1,0,1,1,0,2, , , , , ,2,2, ,2, ,2,2,2,2,2,2, , , , , , , ,1,1,2,2,2,0,1,1,0,0,3,2,1,4,5,1,5,1,0,0,1,0,1,0,0,0,0,1,5,5,5,5,5,5,5,1,1,4,1,3,2
4073,5,5,1,1,13,999,1,1,1, , ,3000,1,3,4,3,2, ,1,1,2,2,0,0,1,1,0,2, , , , , ,2,2, ,2, ,2,2,2,2,2,2, , , , , , , ,1,1,3,3,1,0,0,0,1,0,5,5,3,1,5, , ,1,1,0,1,0,0,0,0,0,0,1,5,3,5,3,5,5,5,1,1,1,2,5,5
4084,5,4,1,1,13,999,2,1,1, , ,2500,1,2,3,2,3, ,4,5,2,3,0,1,1,1,0,2, , , , , ,2,2, ,2, ,2,2,2,2,2,2, , , , , , , ,1,1,1,2,1,0,0,1,0,0,4,4,2,4,4, , ,1,1,0,0,1,0,0,0,0,0,1,4,3,3,3,4,4,4,1,1,1,2,2,2
4121,2,4,2, ,13,999,2,1,1, , ,2000,1,3,4,3,2, ,5,5,3,2,1,1,1,0,1,2, , , , , ,2,2, ,2, ,2,2,2,2,2,2, , , , , , , ,1,1,1,1,4,0,0,1,0,1,5,5,1,3,1, , ,1,1,0,0,0,0,1,0,0,0,3,1,3,5,1,5,5,5,5,5,4,3,5,5
4136,6,3,1,1,13,90,2,1,3,2,2,999999999, ,1,1,1,2, ,3,1,1,1,1,0,0,0,1,2, , , , , ,2,2, ,2, ,1,2,1,2,2,2, , , , , , , ,1,1,1,1,2,0,0,1,0,0,3,3,1,4,5, , ,1,1,0,1,0,0,0,0,0,0,1,2,2,5,5,4,4,4,1,1,1,1,1,1
4141,5,4,1,1,13,1,1,2,1, , ,1300,1,1,3,1,3, ,1,5,4,1,1,1,1,1,0,2, , , , , ,2,2, ,2, ,2,2,2,2,2,1,0,1,0,0,0,0,0,1,1,4,2,2,0,0,0,1,1,4,4,4,2,2, , ,1,1,0,1,0,0,0,0,0,0,2,5,2,5,5,5,5,5,1,1,1,1,1,1
4169,2,4,1,1,13,999,1,2,1, , ,3500,1,2,1,3,2, ,5,5,2,1,0,0,0,1,1,2, , , , , ,2,2, ,2, ,2,2,2,2,2,1,0,0,1,0,0,0,0,2,2,2,2,2,0,0,1,0,1,3,3,2,4,2, , ,1,1,0,0,0,0,1,0,0,0,2,3,4,3,2,2,5,2,2,2,2,2,2,2
4198,6,3,1,1,13,999,1,2,1, , ,999999999, ,3,4,3,3, ,1,1,3,2,1,1,1,1,0,2, , , , , ,2,2, ,2, ,2,2,2,1,2,2, , , , , , , ,1,1,1,1,1,0,1,1,1,1,3,2,1,1,1,1,999,1,1,0,1,0,0,0,0,0,0,4,4,4,3,2,3,4,4,1,1,1,1,1,2
4205,4,1,1,1,3,2,1,2,1, , ,300,2,2,1,2,2, ,1,1,3,2,0,0,1,1,1,2, , , , , ,1,2, ,2, ,2,2,2,1,2,2, , , , , , , ,1,1,2,2,2,0,0,1,1,0,3,4,2,2,4, , ,1,0,0,1,1,0,0,0,0,0,2,2,5,2,4,2,4,4,2,2,2,2,2,2
4215,6,3,1,1,13,999,1,1,3,2,1,1000,1,3,3,2,3, ,1,1,4,3,1,1,1,1,0,1,0,0,1,0,0,2,2, ,2, ,1,2,2,1,2,2, , , , , , , ,1,1,1,1,1,0,1,1,0,0,5,2,1,5,3,2, ,1,1,1,0,0,0,0,0,0,0,5,2,3,3,3,4,4,3,1,1,4,1,3,3
4217,6,1,2, ,13,999,2,1,3,2,2,999999999, ,5,1,3,2, ,3,5,3,2,1,0,1,0,0,2, , , , , ,2,2, ,2, ,2,2,2,2,2,1,1,0,0,0,0,0,0,1,3,1,1,1,0,0,0,1,1,3,3,3,2,2, , ,1,1,0,0,0,0,0,0,1,0,1,3,2,1,1,2,2,2,1,1,1,1,1,1
4234,6,1,1,1,13,999,4,1,3,5,5,999999999, ,3,1,1,2, ,1,5,3,1,1,1,1,1,0,2, , , , , ,2,2, ,2, ,2,2,2,2,2,2, , , , , , , ,1,3,1,1,1,0,0,1,0,0,3,3,2,4,4, , ,0,1,0,0,0,1,1,0,0,0,3,5,4,4,3,3,5,5,1,1,1,2,2,2
4261,6,5,1,1,13,999,1,2,1, , ,999999999, ,5,1,3,2, ,3,5,3,2,1,1,1,1,0,1,0,1,0,0,0,2,2, ,2, ,2,2,2,2,2,2, , , , , , , ,1,1,1,1,1,0,0,1,0,0,3,3,2,3,3, , ,1,0,0,0,0,1,0,0,1,0,3,2,2,3,3,4,5,5,4,2,2,2,2,2
4267,4,3,2, ,3,999,2,1,2,1, ,999999999, ,2,1,2,2, ,2,1,2,1,0,0,1,1,1,2, , , , , ,2,2, ,2, ,1,2,2,2,2,2, , , , , , , ,2,4,1,1,2,1,1,1,1,0,1,1,1,2,4,1,10,0,0,0,1,1,0,1,0,0,0,1,2,1,2,2,1,4,4,1,1,4,1,4,4
4274,5,2,1,1,13,999,1,1,1, , ,200,1,2,2,1,3, ,1,5,2,3,0,0,1,1,0,2, , , , , ,2,2, ,2, ,2,2,2,2,2,2, , , , , , , ,1,5,3,3,5,0,0,0,1,0,5,5,5,1,5, , ,1,0,0,1,0,0,0,0,0,0,2,3,3,2,2,2,2,2,3,3,3,4,4,4
4285,1,1,1,1,3,999,3,1,3,2,1,1000,1,3,1,3,2, ,1,1,3,1,0,1,1,1,0,1,0,1,0,0,0,2,2, ,2, ,1,2,2,2,2,2, , , , , , , ,5,3,1,2,1,0,0,1,0,1,5,5,1,5,1, , ,1,0,0,0,0,0,0,1,1,0,1,1,1,5,1,3,5,1,1,1,1,1,1,1
4345,6,3,2, ,13,999,3,1,3,3,3,5000,1,5,1,1,2, ,5,2,3,2,1,0,1,1,0,2, , , , , ,2,2, ,2, ,2,2,1,1,2,1,0,0,1,0,0,0,0,3,1,1,1,1,1,1,1,1,0,2,2,1,2,5,2, ,1,0,0,0,0,1,0,0,0,0,4,5,4,4,2,4,5,5,1,1,2,1,2,2
4349,5,3,1,2,13,999,1,2,2,1, ,500,1,2,2,2,3, ,4,1,4,3,0,1,1,0,0,1,0,1,0,0,0,2,2, ,2, ,2,2,2,2,2,2, , , , , , , ,1,5,1,1,5,1,0,1,0,1,1,3,2,5,1,2, ,0,1,0,0,0,0,0,0,1,0,2,2,1,5,1,1,5,5,1,1,1,1,1,1
4391,5,6,1,1,7,999,1,2,1, , ,999999999, ,3,1,3,2, ,3,5,3,1,1,1,1,1,0,2, , , , , ,2,2, ,2, ,2,2,2,2,2,1,1,0,0,0,0,0,0,1,1,1,1,1,1,1,1,1,1,2,2,1,2,2,2, ,1,1,0,0,0,1,0,0,0,0,1,1,2,4,3,2,3,4,2,2,1,1,1,2
4393,4,3,1,1,13,999,1,2,1, , ,999999999, ,2,4,2,3, ,1,1,4,3,1,0,1,1,0,2, , , , , ,2,2, ,2, ,2,2,2,2,2,2, , , , , , , ,1,4,3,1,2,0,0,1,0,0,4,4,2,4,4, , ,1,0,0,1,0,0,0,0,1,0,2,2,2,4,2,2,2,5,3,3,3,2,2,4
4405,2,8,1,1,13,1,1,2,1, , ,4500,1,3,1,3,2, ,1,5,2,1,1,1,1,1,0,2, , , , , ,2,2, ,2, ,2,2,2,1,2,2, , , , , , , ,1,1,1,1,1,0,0,1,0,0,4,3,1,3,4, , ,1,1,0,1,0,0,0,0,0,0,1,1,4,3,5,4,4,3,1,1,1,1,1,1
4408,6,5,2, ,13,999,1,2,2,1, ,1600,1,2,1,2,2, ,5,5,2,1,1,1,1,0,0,2, , , , , ,2,2, ,2, ,2,2,1,1,2,2, , , , , , , ,1,1,1,1,1,1,1,1,1,1,2,2,1,1,2,2, ,1,1,0,0,0,0,0,0,0,0,1,4,3,5,5,5,5,5,1,1,1,1,2,2
4413,5,4,1,1,13,10,1,2,1, , ,999999999, ,5,4,3,3, ,2,1,3,2,1,1,1,1,0,2, , , , , ,2,2, ,2, ,2,2,2,2,2,2, , , , , , , ,1,1,1,1,1,1,1,1,1,1,1,2,1,1,2,1,10,1,1,0,1,0,0,0,0,0,0,1,1,1,3,4,2,4,3,1,1,1,1,1,1
4416,2,3,2, ,3,999,1,2,1, , ,4000,1,4,1,3,2, ,1,1,3,2,0,0,1,0,1,2, , , , , ,1,2, ,2, ,2,2,2,2,2,1,0,0,0,0,0,0,1,1,4,4,5,4,1,1,1,1,1,1,1,2,2,2,1,999,1,0,0,0,1,0,0,0,1,0,1,3,3,4,3,1,2,5,3,3,3,3,3,3
4422,5,4,1,1,13,999,1,2,1, , ,999999999, ,2,4,2,2, ,1,5,4,3,0,1,1,1,0,2, , , , , ,2,2, ,2, ,2,2,2,2,2,1,0,0,0,0,0,0,1,1,1,1,1,2,0,1,1,1,0,5,2,1,1,4,2, ,1,1,0,1,0,0,0,0,0,0,1,1,1,1,1,2,2,2,1,1,1,1,1,1
4438,5,4,1,1,13,999,1,2,1, , ,5000,1,1,1,2,2, ,1,5,4,1,0,1,1,1,0,2, , , , , ,2,2, ,2, ,2,2,2,1,2,1,1,0,0,0,0,0,0,3,3,2,2,2,0,0,1,0,1,4,3,2,3,2, , ,0,0,0,0,0,1,1,0,0,0,1,3,3,5,4,3,3,3,2,4,3,4,4,2
4442,4,1,1,1,13,999,2,1,1, , ,999999999, ,2,1,3,2, ,1,1,3,2,1,0,1,0,0,2, , , , , ,2,2, ,2, ,2,2,2,1,2,2, , , , , , , ,1,1,1,1,2,1,1,1,1,1,1,1,2,1,1,2, ,1,0,1,0,0,1,0,0,0,0,1,5,3,3,3,3,5,3,2,3,3,2,2,2
4461,6,2,1,1,13,5,2,1,3,2,2,150,1,2,1,2,2, ,3,5,3,1,1,1,1,1,0,1,0,1,0,0,0,2,2, ,2, ,2,2,2,1,2,2, , , , , , , ,1,2,1,1,2,1,1,1,0,0,2,2,1,4,4,2, ,0,0,0,1,0,1,1,0,0,0,2,2,4,3,4,2,5,3,2,2,3,4,3,3
4462,2,3,1,1,4,2,1,2,1, , ,700,1,4,1,3,2, ,2,5,3,2,1,1,1,1,0,2, , , , , ,2,2, ,2, ,2,2,2,2,2,1,0,0,1,0,0,0,0,1,1,3,2,4,0,0,1,0,1,5,5,1,3,1, , ,1,1,0,0,0,0,1,0,0,0,1,2,3,4,3,4,4,4,4,4,4,4,4,1
4479,5,4,1,1,13,999,4,1,2,4, ,999999999, ,3,1,3,2, ,1,5,3,1,1,1,1,1,0,2, , , , , ,2,2, ,2, ,2,2,2,2,2,2, , , , , , , ,1,5,1,1,5,0,0,1,0,1,4,4,1,5,1, , ,1,1,0,0,0,1,0,0,0,0,1,1,1,2,4,2,2,4,1,1,5,1,5,5
4497,6,4,2, ,13,999,1,2,2,1, ,576,1,4,1,3,2, ,1,1,3,2,1,1,1,0,0,2, , , , , ,2,2, ,2, ,2,2,2,1,2,1,0,0,0,0,0,1,0,2,3,1,1,2,1,1,1,0,0,1,1,2,4,4,1,25,0,1,0,0,1,0,0,1,0,0,1,2,3,4,2,3,5,5,1,1,1,2,1,1
4501,4,3,1,1,3,5,1,2,1, , ,1500,1,5,4,1,2, ,1,1,1,2,0,0,1,1,0,1,0,0,1,0,0,2,2, ,2, ,2,2,2,1,2,2, , , , , , , ,1,1,1,1,1,1,0,1,0,1,2,3,1,4,1,2, ,0,1,1,1,0,0,0,0,0,0,1,3,4,2,3,3,5,3,1,1,1,1,1,1
4510,2,1,1,2,1,999,4,1,1, , ,62500,1,3,1,3,2, ,1,3,3,1,1,1,1,0,0,2, , , , , ,2,2, ,2, ,2,2,2,1,2,1,0,0,0,0,0,1,0,3,3,1,1,3,0,0,0,0,1,3,3,3,5,2, , ,0,1,0,0,0,0,1,0,0,0,2,4,1,5,5,2,5,5,3,1,1,1,1,1
4539,6,3,1,1,13,999,1,1,2,2, ,999999999, ,2,1,2,2, ,1,1,3,2,1,1,1,1,0,2, , , , , ,2,2, ,2, ,2,2,2,2,2,2, , , , , , , ,2,1,1,1,1,1,1,1,0,0,2,2,1,4,3,2, ,0,0,0,1,0,1,1,0,0,0,2,3,3,5,3,2,5,5,2,2,3,3,3,3
4540,2,3,1,1,4,999,2,1,3,2,2,999999999, ,2,1,2,2, ,5,5,1,1,0,1,1,1,1,1,0,1,0,0,0,1,2, ,2, ,2,2,2,2,2,1,0,0,0,0,0,1,0,2,2,2,2,2,0,0,1,1,1,4,5,2,2,2, , ,1,1,1,0,0,0,0,0,0,0,1,5,5,3,3,4,5,4,1,3,1,2,2,2
4559,6,3,2, ,13,999,4,1,3,4,4,999999999, ,5,1,1,2, ,3,2,3,2,1,1,1,1,0,2, , , , , ,2,2, ,2, ,2,2,2,2,2,2, , , , , , , ,1,3,2,2,1,0,1,1,1,0,3,2,1,2,3,2, ,1,0,0,0,1,1,0,0,0,0,1,1,1,1,1,1,2,1,1,1,1,1,1,1
4574,6,3,1,1,13,999,1,1,2,1, ,4800,1,5,4,3,2, ,1,1,3,2,0,0,1,1,0,1,0,0,1,0,0,2,2, ,2, ,1,2,2,2,2,2, , , , , , , ,1,2,2,2,4,0,0,0,0,1,4,4,3,5,1, , ,0,1,0,1,0,1,0,0,0,0,1,2,3,4,3,5,2,3,5,5,5,5,5,5
4579,2,5,1,1,13,999,1,2,1, , ,999999999, ,2,2,2,2, ,1,5,4,1,1,0,1,1,0,2, , , , , ,1,1,2,1,2,1,2,2,2,2,1,0,0,0,0,0,1,0,1,1,1,2,2,1,1,1,0,1,2,2,2,3,2,2, ,0,0,0,1,1,0,0,0,0,0,4,2,2,3,4,3,2,2,1,3,3,1,4,4
4674,4,3,1,1,1,999,1,2,2,4, ,8000,1,1,1,1,2, ,1,5,3,1,0,1,1,1,1,2, , , , , ,2,2, ,2, ,2,2,2,2,2,2, , , , , , , ,1,1,1,1,3,0,0,1,0,0,4,4,2,4,4, , ,0,0,0,0,0,0,0,0,0,1,2,2,3,3,2,3,4,4,1,1,4,4,4,4
4730,3,3,1,2,2,5,1,1,2,4, ,600,1,3,1,3,2, ,1,1,3,2,0,0,1,0,1,2, , , , , ,1,2, ,2, ,2,2,2,2,2,2, , , , , , , ,2,4,4,5,5,0,0,0,1,1,5,5,5,2,1, , ,0,0,0,1,0,0,0,0,0,0,1,5,2,4,4,4,5,3,5,5,5,5,5,5
4736,4,3,1,1,13,999,1,2,3,1,1,999999999, ,4,1,3,2, ,1,1,3,2,0,0,1,0,0,2, , , , , ,2,2, ,2, ,2,2,2,2,2,2, , , , , , , ,2,4,4,4,5,1,1,0,0,1,2,1,4,3,2,1,1,0,0,0,0,0,1,0,0,0,0,2,2,3,2,1,2,4,2,4,2,4,2,2,2
4742,5,3,1,1,3,999,1,2,1, , ,10000,1,3,1,3,2, ,1,5,3,1,1,1,1,1,0,2, , , , , ,2,1,1,2, ,2,2,1,1,2,2, , , , , , , ,1,1,1,1,1,1,0,1,1,0,1,3,2,1,5,1,50,0,1,0,1,0,0,0,0,0,0,1,3,3,5,3,3,5,3,1,1,3,3,3,3
4748,6,3,1,1,13,999,1,2,1, , ,999999999, ,3,4,2,3, ,1,5,2,3,1,1,1,1,0,2, , , , , ,2,2, ,2, ,2,2,2,2,2,2, , , , , , , ,1,2,2,2,2,1,1,1,1,0,1,2,2,2,3,1,999,1,1,0,0,0,1,0,0,0,0,1,4,2,2,1,1,3,3,1,1,1,1,1,3
4796,2,3,2, ,3,5,1,1,1, , ,4200,1,4,1,3,2, ,1,1,3,2,0,0,1,0,1,2, , , , , ,2,2, ,2, ,2,2,1,1,2,2, , , , , , , ,1,2,1,1,2,0,0,1,1,0,3,3,1,2,4, , ,0,0,0,0,1,0,0,0,0,0,2,2,3,4,2,4,4,2,3,3,3,3,3,3
4800,5,3,1,1,4,2,1,2,1, , ,2000,1,5,3,2,2, ,2,1,3,2,1,1,1,1,0,2, , , , , ,2,2, ,2, ,2,2,2,2,2,2, , , , , , , ,1,1,1,1,3,0,0,1,0,0,4,3,1,3,4, , ,1,1,0,1,0,0,0,0,0,0,1,2,3,1,3,3,3,1,3,3,3,3,3,2
4803,4,3,1,1,13,999,1,1,2,1, ,999999999, ,2,3,2,3, ,1,5,4,3,0,1,1,1,0,2, , , , , ,2,2, ,2, ,2,2,2,2,1,1,0,1,0,0,0,0,0,1,2,1,1,2,1,1,1,0,1,1,1,1,5,1,1,10,0,0,0,1,0,1,0,0,0,0,1,1,1,1,1,5,4,5,1,1,3,1,3,3
4806,5,3,1,1,13,3,1,2,1, , ,900,1,1,1,1,3, ,1,5,1,1,1,0,1,1,0,1,0,0,1,0,0,2,2, ,2, ,2,2,1,1,2,2, , , , , , , ,1,1,2,2,3,1,1,1,1,0,2,2,1,1,4,2, ,1,1,0,1,0,0,0,0,0,0,2,2,3,5,2,1,3,4,2,1,1,1,1,3
4824,5,3,1,1,13,999,1,2,1, , ,212,2,2,1,2,3, ,1,5,2,1,1,1,1,1,0,2, , , , , ,2,2, ,2, ,2,2,2,2,2,2, , , , , , , ,3,3,3,3,3, , , , , ,3,3,3,3,3, , ,1,0,0,1,0,1,0,0,0,0,1,3,3,3,1,4,4,3,1,1,1,1,1,1
4839,5,1,1,1,1,999,2,2,2,2, ,2000,1,5,4,2,2, ,5,1,3,3,1,1,1,1,0,2, , , , , ,2,2, ,2, ,2,2,2,1,2,1,0,0,1,0,1,1,0,1,1,1,1,1,1,1,1,1,0,2,1,1,1,5,1,15,0,1,0,0,0,1,0,0,0,1,1,5,5,3,2,5,3,3,3,3,3,1,1,3
4850,2,4,1,1,5,999,2,1,2,2, ,10000,1,4,1,3,2, ,1,5,3,2,0,1,1,1,1,2, , , , , ,1,2, ,2, ,2,2,2,2,2,2, , , , , , , ,2,1,1,1,1,1,1,1,0,0,2,1,1,5,3,2, ,1,0,1,0,0,0,0,0,0,1,1,3,5,3,5,1,3,5,1,1,1,1,1,1
4873,6,5,2, ,13,7,4,1,3,4,4,999999999, ,3,1,3,3, ,5,5,2,3,0,0,1,0,0,2, , , , , ,2,2, ,2, ,2,2,2,2,2,2, , , , , , , ,1,4,1,1,2,0,0,1,0,1,4,4,1,5,1, , ,0,0,0,0,0,1,0,0,0,0,5,5,5,5,3,3,5,5,2,2,2,5,5,5
4886,5,3,2, ,13,999,1,2,2,4, ,999999999, ,3,1,3,2, ,1,5,3,2,0,0,1,1,0,2, , , , , ,2,2, ,2, ,1,2,2,2,2,2, , , , , , , ,1,2,1,1,3,1,1,1,0,0,2,2,1,4,3,2, ,1,0,0,0,0,1,1,0,0,0,1,2,3,3,2,3,4,2,1,1,1,1,1,1
4934,6,4,1,1,4,999,3,1,3,1,1,999999999, ,4,1,3,2, ,3,5,1,1,1,0,1,1,0,1,0,0,1,0,0,2,2, ,2, ,2,2,2,1,2,2, , , , , , , ,2,2,2,2,2,1,1,1,1,0,2,2,2,2,4,2, ,1,0,0,1,0,1,0,0,0,0,5,4,4,4,5,3,3,3,2,2,3,1,3,3
4947,2,3,2, ,13,999,2,1,2,1, ,999999999, ,3,1,3,2, ,1,1,3,2,0,0,1,0,1,2, , , , , ,2,2, ,2, ,2,2,2,1,2,1,1,1,1,0,0,0,0,1,2,1,1,2,0,0,1,0,0,4,4,2,3,3, , ,1,1,0,0,0,1,0,0,0,0,2,2,3,5,3,3,4,4,2,1,2,2,2,2
4976,4,3,2, ,13,999,1,2,2,1, ,1000,1,2,1,2,2, ,1,5,3,1,0,1,1,0,1,2, , , , , ,2,2, ,2, ,2,2,2,2,2,2, , , , , , , ,2,3,3,3,3,0,0,1,0,1,3,5,2,5,2, , ,1,0,1,0,0,1,0,0,0,0,1,3,3,3,2,2,2,4,1,1,5,3,4,4
4994,2,3,1,1,5,999,1,2,1, , ,3000,1,3,1,3,2, ,1,5,2,1,0,1,1,1,0,1,0,1,0,0,0,2,2, ,2, ,1,2,2,2,1,1,0,0,0,0,0,1,0,1,2,1,1,1,1,1,1,1,0,2,2,2,2,4,2, ,0,0,0,0,0,1,0,0,0,0,1,3,4,3,2,4,4,2,3,2,3,1,3,3
4995,4,4,1,1,3,10,1,2,2,1, ,15000,2,3,4,3,2, ,1,5,1,1,1,1,1,1,1,1,0,1,0,0,0,2,2, ,2, ,2,2,2,2,2,1,0,0,0,0,0,0,1,1,2,1,1,2,0,0,1,0,0,5,3,1,5,3, , ,1,1,0,0,0,0,0,0,0,0,1,3,2,4,1,5,2,3,1,1,1,1,1,2
5009,6,1,2, ,3,999,1,2,2,1, ,600,1,4,1,3,2, ,5,1,3,1,1,0,1,0,0,2, , , , , ,2,2, ,2, ,2,2,2,2,2,1,0,0,0,0,0,0,1,2,4,4,2,2,1,1,1,1,1,1,1,1,1,1,2, ,0,0,0,1,1,1,0,0,0,0,1,1,1,3,5,2,5,5,3,3,3,3,1,3
5023,4,1,1,1,1,25,1,1,3,1,1,100,1,2,2,1,2, ,1,1,4,3,1,0,1,1,0,1,1,0,0,0,0,2,2, ,2, ,2,2,2,2,2,2, , , , , , , ,1,1,1,1,2,1,1,1,1,1,1,1,1,2,2,1,20,0,1,0,0,0,1,0,0,1,0,1,3,3,3,5,5,5,4,1,1,1,4,4,1
5026,5,1,1,1,13,999,1,1,1, , ,2000,1,3,1,1,2, ,1,5,1,1,0,1,1,1,0,2, , , , , ,2,2, ,2, ,2,2,2,2,2,2, , , , , , , ,1,3,1,1,3,1,1,0,0,0,2,2,3,4,4,2, ,0,0,0,0,0,0,0,0,0,1,1,4,3,2,1,2,3,4,1,1,1,1,2,1
5028,3,4,1,1,13,999,1,2,1, , ,999999999, ,3,1,3,3, ,2,5,3,1,1,1,1,1,0,2, , , , , ,2,1,1,2, ,2,2,2,2,1,2, , , , , , , ,5,4,3,3,3, , , , , ,5,5,4,4,5, , ,1,1,0,1,0,0,0,0,0,0,1,4,4,3,5,3,4,3,3,2,1,3,3,2
5060,5,5,1,1,13,3,1,2,2,1, ,5000,1,5,1,3,3, ,1,5,2,2,0,1,1,1,0,2, , , , , ,2,2, ,2, ,2,2,2,2,2,2, , , , , , , ,1,1,1,1,1,0,0,1,0,0,4,4,1,4,4, , ,1,1,0,1,0,0,0,0,0,0,1,2,1,4,1,4,4,4,1,1,2,1,1,1
5068,4,3,2, ,13,999,1,2,1, , ,1700,1,1,1,1,2, ,1,5,4,3,0,0,1,0,0,2, , , , , ,2,2, ,2, ,2,2,2,2,2,2, , , , , , , ,2,2,2,2,2,1,1,1,1,0,2,2,2,2,4,1,999,1,1,0,0,0,1,0,0,0,0,1,2,3,3,5,2,4,2,1,1,2,2,2,2
5079,6,5,2, ,4,999,2,1,3,2,2,1400,1,4,4,3,2, ,5,3,3,2,1,0,1,0,1,2, , , , , ,2,2, ,2, ,1,2,2,1,2,2, , , , , , , ,1,1,1,1,1,1,1,1,1,0,1,1,1,2,4,1,10,0,0,0,0,1,1,0,0,1,0,2,2,1,4,4,4,4,4,1,1,3,2,3,3
5091,5,4,1,1,13,5,2,2,1, , ,2100,1,4,1,3,2, ,1,1,3,2,1,1,1,1,0,2, , , , , ,2,2, ,2, ,2,2,2,2,2,2, , , , , , , ,1,3,3,3,2, , , , , ,4,4,3,3,5, , ,0,1,0,1,1,0,0,0,0,0,2,3,3,3,2,2,2,1,2,2,5,3,5,5
5103,2,4,1,1,13,999,2,1,1, , ,999999999, ,5,1,3,2, ,1,5,4,3,0,0,1,1,0,2, , , , , ,2,2, ,2, ,2,2,2,2,1,2, , , , , , , ,1,1,1,1,1,0,1,1,1,1,3,1,2,2,2,2, ,1,1,0,0,1,0,0,0,0,0,2,5,3,3,3,4,5,5,1,1,5,3,3,4
5132,4,3,1,1,13,2,1,1,2,1, ,300,1,4,3,3,2, ,5,1,3,2,0,1,1,1,0,2, , , , , ,1,2, ,2, ,2,2,2,2,2,1,0,0,0,0,1,0,0,2,4,4,4,4,1,0,0,1,1,1,4,5,1,1,1,5,0,0,0,1,0,0,0,0,0,0,1,1,3,3,3,3,4,4,1,5,5,5,5,5
5159,2,3,1,1,13,5,1,1,1, , ,3000,1,2,3,2,2, ,3,5,3,1,0,1,1,1,1,2, , , , , ,2,2, ,2, ,2,2,2,2,2,2, , , , , , , ,1,4,5,5,5,0,0,0,0,1,5,5,5,5,1, , ,0,0,0,1,1,1,0,0,0,0,1,1,3,1,2,2,5,2,2,4,2,5,4,2
5188,4,3,1,1,13,999,1,2,1, , ,999999999, ,3,4,3,3, ,1,5,4,3,0,1,1,1,0,2, , , , , ,2,2, ,2, ,2,2,2,2,2,2, , , , , , , ,1,1,1,1,1,1,1,1,1,0,2,2,1,2,3,1,999,1,1,0,1,0,0,0,0,0,0,1,4,3,3,2,4,3,2,2,2,5,2,5,5
5229,2,3,2, ,13,999,1,2,1, , ,999999999, ,2,1,2,2, ,5,3,3,1,0,0,1,0,1,2, , , , , ,2,2, ,2, ,2,2,1,1,2,2, , , , , , , ,3,4,1,1,1,1,1,0,0,0,2,2,4,4,5,2, ,1,0,0,0,0,0,0,0,0,0,1,3,3,3,3,1,3,3,3,1,3,2,2,2
5242,4,3,2, ,5,999,2,1,3,2,2,2000,1,3,1,3,2, ,2,1,3,2,1,0,1,0,0,2, , , , , ,2,2, ,2, ,2,2,1,1,2,2, , , , , , , ,1,3,1,1,1,1,1,1,1,1,1,1,1,1,1,1,5,1,1,1,0,0,0,0,0,0,0,2,5,4,3,3,3,5,5,2,2,2,2,2,2
5298,2,3,2, ,2,1,1,1,1, , ,1600,1,4,1,3,2, ,5,1,3,2,0,1,1,0,0,2, , , , , ,2,2, ,2, ,2,2,2,2,2,2, , , , , , , ,1,1,2,3,1,1,1,1,1,0,1,2,1,1,4,2, ,1,0,1,0,0,1,0,0,0,0,2,4,3,1,4,3,4,3,4,3,2,4,3,3
5301,4,4,1,1,13,999,4,2,1, , ,6500,1,3,4,3,2, ,1,5,1,2,1,1,1,1,0,2, , , , , ,2,2, ,2, ,2,2,2,2,2,2, , , , , , , ,1,2,3,3,1, , , , , ,5,5,3,3,4, , ,1,0,0,0,0,1,0,0,1,0,3,2,5,5,3,5,3,5,1,2,1,1,2,1
5305,4,3,2, ,13,999,2,1,3,2,2,999999999, ,4,1,3,2, ,1,1,3,2,0,0,1,1,1,2, , , , , ,2,2, ,2, ,2,2,2,2,2,2, , , , , , , ,1,1,1,1,2,1,1,1,1,1,2,2,1,1,2,1,999,1,1,0,0,0,1,0,0,0,0,1,2,2,2,2,2,2,2,1,1,1,1,1,1
5361,2,3,2, ,7,999,1,2,1, , ,999999999, ,4,1,3,2, ,1,5,3,2,0,0,0,0,1,2, , , , , ,1,2, ,2, ,2,2,2,2,2,2, , , , , , , ,4,4,4,3,3,0,1,1,1,0,3,2,1,1,4,2, ,1,1,1,0,0,0,0,0,0,0,3,4,4,4,3,2,3,2,2,2,1,1,2,4
5400,6,6,1,1,9,999,1,2,2,4, ,999999999, ,4,1,3,2, ,1,5,3,2,0,0,1,1,0,2, , , , , ,2,2, ,2, ,2,2,2,1,1,2, , , , , , , ,1,1,1,2,1,1,1,1,0,0,2,2,1,5,5,2, ,1,0,0,0,1,1,0,0,0,0,1,3,3,3,2,2,5,5,1,1,5,3,3,3
5410,3,5,1,1,5,999,1,1,2,4, ,999999999, ,3,1,3,2, ,3,5,1,1,0,0,1,1,1,1,0,0,0,1,0,2,2, ,1,2,1,2,1,1,1,1,0,0,0,0,0,1,0,1,3,3,1,3,0,0,1,1,0,3,3,1,2,5, , ,1,0,0,1,0,0,0,1,0,0,1,3,3,5,3,3,3,4,1,2,1,1,1,1
5421,6,3,2, ,13,999,2,1,3,5,2,3000,1,5,1,3,2, ,5,1,4,3,0,0,1,0,0,2, , , , , ,2,2, ,2, ,2,2,2,2,2,2, , , , , , , ,2,4,2,2,2,1,1,0,1,0,2,2,4,2,4,2, ,1,1,0,0,0,0,1,0,0,0,2,3,3,4,2,4,4,4,2,2,2,2,2,2
5442,6,3,2, ,13,20,3,1,3,3,3,999999999, ,5,1,3,2, ,2,5,3,2,1,1,0,1,0,2, , , , , ,2,2, ,2, ,2,2,2,1,2,2, , , , , , , ,2,2,2,2,2,1,1,1,1,0,2,2,2,2,4,2, ,1,0,0,0,0,1,1,0,0,0,2,4,4,4,4,5,4,5,2,2,4,2,4,2
5530,4,3,2, ,13,60,1,2,2,4, ,999999999, ,5,3,2,2, ,3,5,2,1,1,1,1,1,0,2, , , , , ,2,2, ,2, ,2,2,2,2,2,2, , , , , , , ,1,3,3,3,3,0,0,1,1,0,3,3,2,2,3, , ,1,1,0,1,0,0,0,0,0,0,2,2,2,4,4,1,3,3,3,3,3,3,3,3
5548,6,3,2, ,13,999,1,2,2,1, ,999999999, ,3,2,1,3, ,1,5,4,3,1,0,1,1,0,1,0,0,0,1,0,2,2, ,2, ,2,2,2,2,2,2, , , , , , , ,1,1,1,1,1,1,1,1,1,0,1,1,1,1,5,2, ,1,1,0,1,0,0,0,0,0,0,1,5,5,5,5,2,5,5,3,3,3,3,3,3
5567,3,3,1,1,13,5,1,2,1, , ,250,2,1,1,1,2, ,4,5,3,2,1,0,1,1,0,2, , , , , ,1,2, ,2, ,2,2,1,1,2,2, , , , , , , ,1,1,1,1,4,1,1,1,0,0,2,1,1,4,5,2, ,1,0,0,1,0,0,0,0,0,0,1,5,4,5,1,1,4,4,4,4,5,1,1,4
5575,6,4,2, ,13,999,2,1,3,2,2,999999999, ,5,1,3,2, ,2,1,3,2,1,0,1,1,1,2, , , , , ,2,2, ,2, ,1,2,2,1,2,2, , , , , , , ,2,2,2,2,2,1,1,1,1,1,1,1,2,2,2,1,30,1,1,0,0,0,1,0,0,0,0,1,4,2,4,2,4,4,3,2,2,2,2,2,2
5590,5,3,2, ,13,999,1,2,1, , ,999999999, ,2,4,2,2, ,1,5,1,1,1,1,1,1,0,2, , , , , ,2,2, ,2, ,2,2,2,2,2,1,1,0,0,0,0,0,0,1,3,1,1,3,1,0,1,0,0,1,4,1,3,4,2, ,1,0,0,0,0,0,0,0,0,0,2,2,2,1,5,3,5,5,1,1,5,2,5,5
5609,6,4,2, ,13,999,1,1,2,1, ,999999999, ,3,3,2,3, ,1,1,4,3,0,1,0,1,1,1,0,1,0,0,0,2,2, ,2, ,1,2,2,2,1,2, , , , , , , ,2,2,2,2,2,1,1,1,0,1,2,2,2,4,2,1,5,0,1,0,1,0,0,1,0,0,0,2,3,2,4,4,4,4,4,2,2,2,2,2,2
5612,3,4,1,1,13,999,1,2,1, , ,100,2,3,4,3,2, ,1,5,2,1,0,1,1,1,0,1,0,1,0,0,0,2,2, ,2, ,2,2,2,2,2,1,0,0,0,0,0,0,1,1,1,1,1,1,1,1,1,1,0,2,1,1,1,4,1,999,1,0,0,0,0,0,0,0,0,0,1,3,3,4,2,2,2,3,1,1,1,1,1,1
5613,6,3,2, ,1,10,2,1,1, , ,5000,1,1,1,2,2, ,1,5,1,1,1,0,1,1,0,2, , , , , ,2,2, ,1,3,1,2,1,1,2,2, , , , , , , ,1,1,1,1,1,1,1,1,1,0,1,1,1,2,4,1,60,1,1,0,0,0,1,0,0,0,0,1,1,3,2,2,4,5,5,1,1,1,5,5,1
5614,5,5,1,1,7,12,1,1,1, , ,3000,1,2,4,2,3, ,1,5,3,3,0,1,1,1,0,2, , , , , ,2,2, ,2, ,2,2,2,2,2,1,0,1,0,0,0,0,0,1,1,1,1,1,0,0,1,1,0,5,5,1,2,4, , ,0,0,0,1,1,0,0,0,0,0,2,2,2,3,3,3,4,3,2,1,3,1,3,3
5678,4,3,1,1,13,2,1,1,3,1,4,650,1,5,4,3,2, ,1,1,3,2,0,1,1,1,1,2, , , , , ,2,2, ,1,5,2,2,2,1,2,1,0,0,0,0,0,1,0,1,2,2,2,1,1,1,1,1,0,2,2,2,2,4,1,999,0,0,0,0,0,1,0,1,0,1,2,3,3,3,3,3,3,4,3,3,2,2,2,1
5685,5,4,1,1,8,5,1,2,2,4, ,1100,1,2,4,2,3, ,3,1,2,3,1,1,1,1,0,1,0,0,1,0,0,2,2, ,2, ,1,2,2,2,2,1,0,1,0,0,0,0,0,1,1,1,1,1,0,0,1,0,0,3,3,1,3,4, , ,1,0,0,0,0,1,0,0,0,0,1,3,3,3,5,5,5,5,1,1,5,1,1,1
5694,5,3,1,1,4,2,1,2,1, , ,700,1,3,3,1,2, ,5,5,2,2,1,1,1,1,0,1,0,0,1,0,0,2,2, ,2, ,2,2,2,1,1,2, , , , , , , ,2,1,1,1,2,1,1,1,0,1,2,2,1,4,2,1,40,1,1,0,0,0,0,0,0,1,0,3,2,4,5,2,4,4,4,1,1,2,2,2,3
5703,6,3,1,1,13,999,1,2,1, , ,999999999, ,2,1,2,2, ,1,1,3,2,0,0,1,1,0,2, , , , , ,2,2, ,2, ,2,2,2,2,2,2, , , , , , , ,1,1,1,1,1,1,1,1,1,1,1,1,1,1,2,1,1,1,1,0,0,0,0,0,0,1,0,2,2,2,2,2,3,3,3,2,2,2,2,2,2
5722,4,4,1,1,5,5,1,2,2,1, ,2200,1,5,1,3,2, ,2,1,3,2,0,1,1,1,0,2, , , , , ,2,2, ,2, ,2,2,2,2,1,2, , , , , , , ,2,2,2,2,2,0,0,1,1,0,4,4,2,2,4, , ,1,1,0,0,0,0,0,0,0,0,2,5,5,3,5,3,5,3,4,4,4,4,4,4
5750,5,3,2, ,1,999,1,1,2,1, ,999999999, ,2,3,2,3, ,5,5,3,3,0,1,1,0,0,2, , , , , ,2,2, ,2, ,2,2,2,2,2,1,0,0,0,0,0,1,0,1,1,1,1,1,0,0,1,0,0,3,3,2,3,3, , ,0,0,0,1,0,0,0,0,0,0,2,2,2,3,3,3,3,3,2,2,2,1,1,1
5768,6,4,2, ,13,999,1,1,1, , ,999999999, ,1,3,1,3, ,1,5,4,1,1,1,1,1,1,2, , , , , ,2,2, ,2, ,1,2,2,2,2,1,0,0,0,0,0,1,0,2,2,2,2,2,1,1,1,1,1,2,2,2,2,2,1,2,1,0,0,1,0,1,0,0,0,0,2,2,2,3,2,4,2,4,2,2,2,2,2,2
5791,2,3,1,1,9,999,1,1,1, , ,10000,1,3,1,3,2, ,1,2,3,2,0,0,0,1,0,2, , , , , ,2,2, ,2, ,2,2,2,1,2,1,0,0,0,0,0,1,0,2,2,1,2,2,0,0,1,1,1,4,4,1,2,2, , ,1,1,0,0,1,0,0,0,0,0,2,2,2,2,2,2,2,2,2,2,2,2,1,2
5793,4,3,1,1,9,999,2,2,1, , ,999999999, ,1,2,1,3, ,1,5,1,1,1,1,1,1,0,2, , , , , ,2,2, ,2, ,2,2,2,2,2,2, , , , , , , ,1,1,1,1,2,0,0,1,1,0,4,4,1,1,4, , ,0,0,0,1,0,1,1,0,0,0,2,3,3,3,1,4,4,4,1,1,3,2,2,2
5810,2,1,2, ,3,999,1,2,1, , ,5200,1,4,1,1,2, ,1,1,3,1,0,1,1,1,1,2, , , , , ,1,2, ,2, ,2,2,2,2,2,2, , , , , , , ,3,4,3,3,3,1,1,1,0,1,2,2,1,3,2,2, ,0,0,0,0,0,0,0,0,0,1,1,3,3,3,3,1,2,3,2,2,1,3,3,1
5817,5,5,1,1,13,999,1,2,1, , ,2500,1,1,2,1,2, ,1,5,4,3,1,1,1,1,1,1,0,1,0,0,0,2,2, ,2, ,2,2,2,2,2,2, , , , , , , ,1,3,2,1,1,1,0,1,0,0,2,4,1,4,5,2, ,1,0,0,1,0,0,0,0,1,0,1,3,3,3,1,5,3,3,1,1,1,1,1,1
5881,4,3,2, ,3,999,1,1,1, , ,2500,1,4,1,3,2, ,3,1,3,2,1,0,1,0,0,2, , , , , ,2,2, ,2, ,1,2,2,2,2,2, , , , , , , ,1,1,1,1,2,0,0,1,0,1,5,5,2,5,2, , ,1,0,0,0,0,0,0,0,0,0,1,3,3,3,1,4,3,3,2,1,4,2,3,3
5886,4,3,1,1,13,999,1,2,2,4, ,999999999, ,3,1,3,2, ,1,5,1,1,1,0,1,1,0,2, , , , , ,2,2, ,2, ,2,2,1,1,1,2, , , , , , , ,1,2,1,1,2,0,0,1,0,0,3,3,1,3,4, , ,0,1,0,0,1,1,0,0,0,0,1,3,1,2,1,1,2,4,3,1,3,1,4,2
5897,3,3,1,1,13,15,1,2,2,4, ,999999999, ,2,1,2,2, ,2,1,3,2,0,0,1,1,1,2, , , , , ,2,2, ,2, ,2,2,2,2,2,2, , , , , , , ,2,2,1,1,3,1,1,1,1,1,1,1,1,2,2,1,10,1,1,0,1,0,0,0,0,0,0,3,4,4,4,3,4,4,4,1,1,1,1,1,1
5956,6,1,2, ,2,999,1,2,3,2,2,999999999, ,3,1,3,2, ,5,1,2,1,1,0,1,1,0,2, , , , , ,2,2, ,2, ,2,2,2,2,2,2, , , , , , , ,1,2,2,2,2,1,1,1,0,0,2,2,1,4,4,2, ,0,0,0,1,1,1,0,0,0,0,2,5,4,4,4,5,5,5,1,1,5,2,2,2
5958,5,3,1,1,13,999,1,1,2,1, ,1500,1,1,3,2,3, ,1,5,3,3,1,0,1,1,0,2, , , , , ,2,2, ,2, ,2,2,2,2,2,2, , , , , , , ,1,1,1,1,1,1,1,1,0,0,2,2,1,5,4,2, ,1,0,0,0,1,1,0,0,0,0,1,4,2,4,4,4,5,4,1,1,1,1,1,3
5985,6,1,2, ,13,25,2,1,1, , ,2800,2,1,1,2,2, ,1,5,1,1,1,1,1,0,0,1,0,1,0,0,0,2,2, ,2, ,2,2,2,2,2,2, , , , , , , ,1,1,1,1,1,0,0,1,0,1,3,5,1,4,2, , ,1,1,0,1,0,0,0,0,0,0,2,2,1,3,1,3,3,1,1,1,1,1,1,1
5986,4,5,1,1,13,999,1,1,1, , ,999999999, ,3,1,2,2, ,1,1,3,1,0,0,1,1,1,2, , , , , ,2,2, ,2, ,2,2,2,2,2,2, , , , , , , ,1,2,2,2,2,0,0,1,0,0,5,5,2,4,3, , ,1,1,0,1,0,0,0,0,0,0,1,2,2,2,2,3,2,3,2,2,3,2,2,3
6004,6,3,1,1,9,999,1,1,1, , ,1000,1,3,4,1,2, ,1,1,2,1,1,1,1,1,0,2, , , , , ,2,2, ,2, ,1,2,2,2,1,2, , , , , , , ,1,1,1,1,1,0,1,1,0,1,4,2,1,3,1,1,10,1,0,0,1,0,0,0,0,0,0,1,2,3,3,2,3,2,3,1,1,1,1,1,1
6022,4,3,2, ,13,999,1,1,2,1, ,120,2,2,1,3,2, ,1,5,3,1,1,1,1,0,1,2, , , , , ,2,2, ,2, ,2,2,2,2,2,2, , , , , , , ,2,2,2,2,2,0,0,1,0,1,4,4,1,4,2, , ,0,0,0,0,0,0,0,0,0,1,1,1,2,3,1,4,3,2,3,3,3,3,3,3
6044,4,4,1,1,6,999,1,1,2,1, ,999999999, ,3,1,3,2, ,1,1,3,2,0,0,1,1,1,2, , , , , ,2,2, ,2, ,2,2,2,2,2,2, , , , , , , ,1,1,3,3,4,0,0,0,1,1,5,5,3,2,2, , ,1,1,0,0,1,0,0,0,0,0,1,3,3,3,3,1,2,2,3,3,5,5,5,5
6064,4,3,2, ,13,999,1,1,1, , ,3200,1,3,1,3,2, ,1,1,3,2,0,1,0,0,0,2, , , , , ,2,2, ,2, ,2,2,2,1,2,2, , , , , , , ,2,2,2,2,2,1,1,1,1,0,2,2,2,1,4,2, ,0,0,1,0,1,1,0,0,0,0,1,3,2,3,1,4,4,3,1,2,3,1,3,3
6121,6,1,2, ,1,1,1,1,1, , ,600,1,3,1,3,2, ,1,5,2,1,1,1,1,1,1,1,0,0,0,0,1,2,2, ,2, ,2,2,2,2,2,1,0,0,1,0,0,0,0,1,4,1,2,2,1,1,1,1,1,1,1,1,2,2,1,70,0,1,0,0,0,1,0,0,1,0,1,3,4,5,1,5,5,5,1,1,1,4,4,1
6126,6,3,2, ,13,60,1,2,2,1, ,999999999, ,5,4,2,3, ,3,1,3,3,1,1,1,1,0,2, , , , , ,2,2, ,2, ,2,2,2,2,2,2, , , , , , , ,1,2,1,2,4,1,0,1,1,1,2,3,1,2,1,2, ,1,1,0,0,0,1,0,0,0,0,2,4,4,2,5,3,5,3,1,1,1,2,2,2
6228,5,4,1,1,13,999,1,1,1, , ,999999999, ,3,3,3,2, ,1,1,4,3,1,1,1,1,0,2, , , , , ,2,2, ,2, ,2,2,2,2,2,2, , , , , , , ,1,1,2,2,2,0,0,1,0,0,5,4,2,4,4, , ,1,1,0,1,0,0,0,0,0,0,2,3,3,4,2,5,4,4,2,2,2,2,2,2
6231,4,3,1,1,13,999,2,1,2,2, ,400,1,3,4,3,3, ,4,5,2,1,1,1,1,0,0,2, , , , , ,2,2, ,2, ,2,2,2,2,2,2, , , , , , , ,1,1,1,1,4,0,0,1,1,0,5,5,1,2,5, , ,1,1,1,0,0,0,0,0,0,0,1,3,3,3,2,3,4,3,4,4,2,2,2,2
6303,2,5,1,1,7,999,1,2,1, , ,999999999, ,2,1,2,3, ,3,1,1,1,0,0,1,1,0,2, , , , , ,2,2, ,2, ,2,2,2,2,2,1,1,0,0,0,0,0,0,1,2,3,3,3,1,1,1,1,0,2,2,2,2,4,2, ,0,0,0,1,0,1,1,0,0,0,2,5,4,3,5,5,5,4,2,2,4,2,4,4
6348,2,3,1,1,13,3,2,1,2,4, ,1500,1,2,3,2,2, ,1,5,3,2,1,1,1,1,1,2, , , , , ,2,2, ,2, ,2,2,2,2,2,2, , , , , , , ,3,1,1,1,1,0,0,1,0,0,5,5,1,3,3, , ,0,0,0,1,1,0,0,0,0,0,2,4,4,4,2,3,4,4,1,2,5,3,5,5
6355,5,3,1,1,5,999,2,1,2,2, ,1000,1,5,1,3,2, ,2,1,3,2,1,0,1,0,1,2, , , , , ,2,2, ,2, ,2,2,2,2,2,2, , , , , , , ,1,3,1,1,2,0,0,1,1,0,4,4,1,2,4, , ,0,0,0,0,0,0,0,0,0,1,1,2,2,1,2,4,2,3,2,2,2,2,2,2
6358,4,3,1,1,13,999,1,2,1, , ,2500,1,3,3,2,2, ,5,5,3,3,0,0,1,1,0,2, , , , , ,2,2, ,2, ,2,2,2,2,2,2, , , , , , , ,1,1,1,1,3,0,1,1,0,1,5,2,1,5,2,2, ,0,0,0,0,0,0,0,0,0,1,2,4,2,5,5,3,4,4,1,3,3,3,3,3
6372,2,2,2, ,13,5,1,2,1, , ,4000,1,5,4,3,2, ,5,1,3,3,0,1,1,0,0,2, , , , , ,2,2, ,2, ,2,2,2,2,2,1,1,1,0,0,0,0,0,1,1,1,1,1,0,0,1,1,0,3,3,1,1,4, , ,0,1,1,0,0,0,1,0,0,0,3,4,4,4,4,2,5,5,2,2,2,2,2,2
6452,5,3,1,1,13,999,1,1,1, , ,999999999, ,1,1,1,3, ,5,5,4,3,1,0,1,1,0,1,1,0,1,0,0,2,2, ,2, ,2,2,2,1,2,1,0,0,0,0,0,0,1,1,3,1,4,1,1,1,1,0,0,1,1,1,3,3,1,999,0,0,0,0,0,1,1,0,0,0,1,4,4,3,1,3,5,3,1,1,1,3,3,1
6453,6,3,1,1,1,999,1,2,1, , ,1700,1,5,1,3,2, ,1,5,3,2,0,0,1,1,1,2, , , , , ,1,2, ,2, ,2,2,2,2,2,2, , , , , , , ,2,1,1,1,1,1,1,0,1,1,2,2,3,2,2,2, ,1,1,0,0,0,1,0,0,0,0,2,2,2,4,2,3,4,3,4,4,4,4,4,2
6458,1,1,2, ,1,999,1,2,1, , ,1500,1,4,1,3,2, ,1,4,1,2,0,0,1,0,1,2, , , , , ,2,2, ,2, ,1,2,2,2,1,2, , , , , , , ,2,2,3,2,3,1,1,0,0,1,2,2,4,4,2,2, ,1,0,0,1,0,1,0,0,0,0,2,2,2,2,2,2,2,3,2,2,2,2,2,2
6480,5,5,1,1,13,999,1,2,1, , ,999999999, ,1,1,1,2, ,5,5,4,3,1,0,1,1,0,1,0,0,0,1,0,2,2, ,2, ,2,2,2,2,2,1,0,0,0,0,0,0,1,1,1,1,1,2,0,1,1,0,0,3,2,1,4,4,2, ,1,0,1,1,0,0,0,0,0,0,2,4,3,4,3,5,5,3,1,2,2,2,2,2
6520,5,1,2, ,1,5,1,1,1, , ,1000,1,5,3,3,2, ,3,1,3,2,1,1,1,0,0,2, , , , , ,2,2, ,2, ,2,2,2,2,2,2, , , , , , , ,1,5,1,1,3,1,1,0,0,0,1,1,3,3,5,2, ,1,1,0,0,0,1,0,0,0,0,2,3,3,5,1,3,4,3,1,1,1,5,5,4
6540,5,1,2, ,13,25,4,1,1, , ,999999999, ,5,4,2,2, ,5,1,4,2,0,1,1,0,0,2, , , , , ,2,2, ,2, ,2,2,2,2,2,2, , , , , , , ,1,1,1,1,4,0,0,1,0,0,3,3,1,4,4, , ,0,1,1,0,0,1,0,0,0,0,1,3,3,3,3,2,4,3,2,1,3,3,3,2
6555,6,6,1,1,13,999,3,1,3,5,5,12000,1,4,1,3,2, ,2,5,2,1,1,1,1,1,0,1,0,1,0,0,0,2,2, ,2, ,1,2,1,1,2,1,0,0,0,0,0,1,0,1,2,2,2,2,1,1,1,1,0,2,2,2,2,4,2, ,0,0,0,0,1,1,1,0,0,0,2,2,2,2,2,2,4,4,4,4,4,4,4,2
6595,4,1,2, ,13,999,1,2,2,4, ,999999999, ,3,1,3,2, ,2,1,3,1,0,0,1,0,1,1,0,0,0,0,1,1,2, ,2, ,2,2,2,1,2,2, , , , , , , ,1,3,1,1,1,1,1,1,0,0,2,2,1,5,5,2, ,1,0,0,0,0,0,0,0,1,0,3,4,3,2,5,5,5,4,1,1,1,1,1,1
6609,6,4,2, ,13,999,2,1,3,2,2,999999999, ,3,1,3,2, ,5,5,2,1,1,1,1,0,0,1,0,1,1,0,0,2,1,3,2, ,2,2,2,2,2,2, , , , , , , ,1,1,1,1,1,1,1,1,1,0,1,1,1,1,3,1,999,1,1,0,0,0,1,0,0,0,0,1,1,1,1,1,1,1,1,1,1,1,1,2,1
6624,5,4,1,1,13,999,1,2,1, , ,999999999, ,2,1,2,3, ,4,5,1,1,0,1,1,1,0,2, , , , , ,2,2, ,2, ,2,2,2,2,2,1,0,0,1,0,0,0,0,1,1,1,1,1,1,1,1,1,1,2,1,1,1,1,2, ,0,1,0,0,1,1,0,0,0,0,1,3,2,2,1,4,5,5,2,2,4,2,2,4
6644,6,3,2, ,13,7,2,1,3,2,2,999999999, ,2,1,2,2, ,2,5,2,1,1,1,1,0,0,2, , , , , ,2,2, ,2, ,1,2,2,2,1,2, , , , , , , ,1,1,1,2,4,1,1,1,1,1,2,2,2,2,2,2, ,1,1,0,0,1,0,0,0,0,0,2,2,2,4,2,2,2,2,1,2,1,1,1,2
6695,5,4,1,1,13,999,1,1,1, , ,2000,1,2,1,1,2, ,1,5,4,1,1,0,1,1,0,2, , , , , ,2,2, ,2, ,2,2,2,2,2,2, , , , , , , ,2,2,2,3,2,0,0,0,1,0,3,5,4,2,4, , ,1,0,0,1,0,1,0,0,0,0,2,4,4,3,3,5,5,5,2,2,2,2,1,1
6717,6,3,2, ,2,5,2,1,3,2,2,1500,1,4,1,3,2, ,3,2,3,1,1,1,1,1,0,2, , , , , ,2,2, ,2, ,2,2,1,1,2,1,0,0,0,0,0,0,1,1,1,1,1,4,1,1,1,1,1,2,2,1,2,1,2, ,1,0,0,0,0,1,0,0,0,0,2,2,4,2,1,5,2,2,1,1,1,1,1,1
6722,4,3,2, ,3,999,1,2,2,1, ,2500,1,5,1,1,2, ,1,1,2,2,1,1,1,0,0,2, , , , , ,2,2, ,2, ,2,2,2,2,2,2, , , , , , , ,2,2,2,2,2,0,0,1,0,0,4,4,2,4,4, , ,1,1,0,0,0,1,0,0,0,0,1,1,1,1,1,1,5,3,1,1,1,1,1,1
6783,4,4,2, ,13,10,1,1,2,1, ,3000,1,2,1,2,2, ,1,5,2,1,1,1,1,0,0,2, , , , , ,2,2, ,2, ,2,2,2,2,1,2, , , , , , , ,1,3,1,2,4,1,1,1,1,1,1,1,1,1,1,1,5,1,1,1,0,0,0,0,0,0,0,1,3,3,3,3,3,5,3,1,3,1,1,1,1
6835,5,3,1,1,13,999,1,2,1, , ,999999999, ,2,3,1,2, ,5,1,2,2,0,1,1,1,0,2, , , , , ,2,2, ,2, ,2,2,2,2,2,2, , , , , , , ,2,2,2,2,2,0,0,0,0,1,4,4,4,4,1, , ,1,1,0,1,0,0,0,0,0,0,2,4,2,4,4,4,4,4,4,4,4,4,4,4
6847,5,3,1,1,13,999,1,2,1, , ,1000,1,3,3,3,2, ,1,5,3,2,1,0,1,1,0,2, , , , , ,2,2, ,2, ,2,2,2,2,2,2, , , , , , , ,1,3,1,1,1,1,1,1,0,0,2,1,1,3,3,2, ,1,1,0,1,0,0,0,0,0,0,4,3,3,3,3,3,2,3,1,1,3,1,3,3
6867,2,3,2, ,4,15,2,1,3,2,2,12,2,3,1,3,2, ,1,1,3,2,0,0,1,0,1,1,0,0,0,0,1,2,2, ,2, ,1,2,2,2,1,2, , , , , , , ,1,1,1,1,3,1,1,1,1,1,1,1,1,1,1,2, ,0,1,0,0,1,0,0,1,0,0,1,2,3,3,5,3,5,3,3,5,5,3,3,4
6888,6,4,1,1,13,999,1,2,2,1, ,999999999, ,4,1,3,2, ,1,5,2,3,1,1,1,1,0,2, , , , , ,2,2, ,2, ,2,2,2,2,2,2, , , , , , , ,1,1,1,1,2,0,0,1,1,1,3,3,2,2,2, , ,0,0,0,1,0,0,0,0,0,0,1,3,2,2,5,3,5,5,1,1,3,1,3,3
6896,4,3,2, ,13,999,2,1,3,2,2,100,1,5,1,3,2, ,1,3,3,2,1,0,1,0,1,1,1,0,0,0,0,2,2, ,2, ,1,2,2,2,1,1,0,0,0,0,0,1,0,1,1,3,1,1,1,1,1,1,1,2,2,2,1,1,2, ,0,0,0,0,0,0,0,0,0,1,2,3,4,2,4,2,5,2,2,1,2,2,2,4
6899,4,4,1,1,13,999,4,1,3,5,5,999999999, ,5,2,2,2, ,1,5,2,1,1,1,1,1,0,2, , , , , ,2,2, ,2, ,1,2,2,2,2,2, , , , , , , ,1,1,1,1,1,1,1,1,1,0,1,1,1,1,5,1,999,0,0,0,0,0,1,0,0,0,0,1,2,3,2,2,2,4,3,1,1,2,1,1,1
6909,6,3,2, ,13,50,4,1,2,4, ,35000,1,2,1,2,2, ,4,5,3,1,0,1,1,1,0,1,0,0,1,0,0,2,2, ,1,4,2,2,1,1,2,1,0,0,0,0,0,1,0,2,2,2,1,1,1,1,1,1,0,1,1,1,1,5,1,999,0,0,0,0,1,1,1,0,0,0,4,4,5,5,1,3,5,5,2,2,2,2,2,4
6916,5,3,1,1,13,999,1,2,2,1, ,1000,1,4,2,1,3, ,3,4,4,3,1,1,1,1,0,2, , , , , ,2,2, ,2, ,2,2,2,2,2,2, , , , , , , ,1,2,1,1,1,1,1,1,1,1,2,2,1,1,1,1,999,1,0,1,1,0,0,0,0,0,0,3,5,4,3,3,3,3,4,2,2,2,2,1,1
6927,5,5,1,1,13,999,1,2,2,1, ,999999999, ,1,1,1,3, ,3,5,1,1,1,0,1,1,0,2, , , , , ,2,2, ,2, ,2,2,2,2,2,2, , , , , , , ,1,2,1,1,2,1,1,1,0,0,2,2,2,4,4,2, ,1,1,0,1,0,0,0,0,0,0,1,1,1,1,1,4,5,2,1,1,1,2,2,1
6937,5,1,1,1,2,2,2,1,1, , ,2500,1,5,1,3,2, ,5,5,3,2,1,1,1,1,0,2, , , , , ,2,2, ,2, ,2,2,2,2,2,1,0,0,1,0,0,0,0,1,1,1,1,1,1,1,0,0,0,1,1,3,3,4,2, ,1,1,0,0,0,1,0,0,0,0,2,2,3,3,3,3,5,5,3,3,3,3,3,4
6939,1,4,2, ,9,1,2,2,1, , ,6000,1,2,1,2,3, ,1,5,2,2,0,1,1,0,0,2, , , , , ,2,2, ,2, ,2,2,2,2,2,1,0,0,1,0,0,0,0,3,4,4,5,4, , , , , ,3,5,4,3,4, , ,0,0,0,0,0,0,0,0,0,1,1,3,3,3,3,3,2,3,5,4,5,5,5,5
6946,4,3,1,1,4,999,2,1,2,1, ,2400,1,3,1,1,2, ,1,1,3,2,1,1,1,1,1,2, , , , , ,2,2, ,2, ,2,2,2,1,2,2, , , , , , , ,2,2,1,2,3,1,1,1,1,1,2,2,1,2,2,2, ,1,1,0,1,0,0,0,0,0,0,1,4,3,4,3,3,2,3,1,1,2,2,2,1
6950,4,4,1,1,13,999,1,2,1, , ,999999999, ,3,3,3,3, ,1,5,3,3,0,0,1,1,0,2, , , , , ,2,2, ,2, ,2,2,2,2,2,2, , , , , , , ,1,3,1,1,4,0,0,0,1,0,4,4,4,2,4, , ,1,0,0,0,1,0,0,0,1,0,1,3,3,3,4,4,4,3,4,4,3,3,4,4
6998,6,3,1,2,13,999,2,1,3,2,4,999999999, ,4,1,3,2, ,1,1,3,2,0,0,1,0,1,2, , , , , ,2,2, ,2, ,2,2,2,2,2,2, , , , , , , ,1,1,1,1,1,1,0,1,0,0,2,3,2,3,4,2, ,1,0,0,1,1,0,0,0,0,0,2,3,4,3,4,2,3,2,1,1,3,1,3,3
6999,5,3,1,1,3,999,1,1,1, , ,1500,1,2,1,1,2, ,1,5,1,1,1,1,1,1,0,1,0,0,1,0,0,2,2, ,2, ,2,2,1,1,1,2, , , , , , , ,1,1,1,1,1,0,0,1,1,0,3,4,1,1,5, , ,0,1,0,1,0,0,0,0,0,0,1,3,5,5,5,5,5,3,1,3,5,3,3,3
7015,2,3,1,1,13,999,1,2,1, , ,999999999, ,2,1,2,2, ,1,1,3,2,0,1,1,0,1,2, , , , , ,2,2, ,2, ,2,2,2,2,2,2, , , , , , , ,1,1,1,1,1,0,0,1,1,1,4,4,1,2,1, , ,0,0,0,0,0,1,0,0,0,0,2,4,4,5,4,2,4,4,1,1,5,5,5,5
7058,5,3,1,1,13,999,2,1,2,1, ,1000,1,2,2,2,2, ,1,3,2,1,1,1,1,1,0,2, , , , , ,2,2, ,2, ,2,2,2,1,2,2, , , , , , , ,1,3,1,1,1,0,0,1,1,0,5,3,1,1,3, , ,1,1,0,1,0,0,0,0,0,0,2,4,3,3,4,3,4,4,1,1,1,1,1,1
7064,4,3,1,1,13,999,2,1,2,2, ,999999999, ,5,1,1,3, ,1,1,3,2,0,0,1,1,1,2, , , , , ,2,2, ,2, ,2,2,2,2,1,1,0,0,0,0,0,0,1,1,1,1,1,1,1,1,1,1,0,2,1,1,2,4,2, ,1,1,0,0,1,0,0,0,0,0,4,4,4,4,5,4,5,5,1,1,1,2,2,2
7065,6,3,2, ,13,5,1,2,2,4, ,1500,1,4,4,3,2, ,2,2,3,2,0,1,1,0,0,2, , , , , ,2,2, ,2, ,2,2,2,2,2,2, , , , , , , ,1,3,3,1,2,1,1,1,1,0,1,1,1,2,5,1,999,1,1,1,0,0,0,0,0,0,0,1,2,3,1,3,3,4,3,4,3,3,2,4,4
7079,5,3,1,1,13,999,1,1,1, , ,1200,1,4,1,3,2, ,1,1,2,3,0,1,1,1,1,1,0,1,0,0,0,2,2, ,2, ,2,2,2,2,2,2, , , , , , , ,1,4,1,1,2,1,0,1,0,0,1,3,2,3,3,2, ,0,0,0,1,0,1,0,0,0,0,1,2,3,5,5,3,4,4,2,3,2,1,3,3
7087,6,5,1,1,13,999,1,2,2,1, ,999999999, ,5,4,3,2, ,4,1,4,3,1,0,1,1,0,2, , , , , ,2,2, ,2, ,2,2,2,2,2,2, , , , , , , ,1,1,1,1,1,0,0,1,0,0,3,4,1,3,4, , ,1,0,0,0,0,1,0,0,1,0,1,3,3,4,2,4,2,2,2,2,2,1,2,2
7094,6,1,2, ,13,999,3,1,3,3,2,999999999, ,5,4,3,2, ,1,5,4,3,1,0,1,1,0,2, , , , , ,2,2, ,2, ,2,2,2,2,2,2, , , , , , , ,1,2,1,1,2,1,1,1,0,1,2,2,2,4,2,1,10,1,0,0,0,0,1,0,0,1,0,2,4,4,2,4,4,4,4,2,2,1,1,1,2
7155,6,3,2, ,13,999,1,1,2,1, ,300,1,4,1,3,2, ,1,5,2,2,1,1,1,0,0,2, , , , , ,2,2, ,2, ,2,2,2,2,2,2, , , , , , , ,2,3,1,1,3,0,0,1,0,1,5,4,1,4,2, , ,0,0,0,0,0,1,1,0,0,0,2,3,3,3,2,3,4,2,1,1,1,2,2,2
7168,6,4,2, ,13,999,2,1,3,2,5,999999999, ,2,4,1,2, ,1,5,1,3,1,1,1,0,1,2, , , , , ,2,2, ,1,1,1,2,2,2,2,2, , , , , , , ,1,1,1,1,1,1,1,1,1,0,2,2,2,2,4,1,999,1,1,0,0,1,0,0,0,0,0,2,2,2,4,1,4,4,4,1,1,2,1,1,1
7173,2,3,1,1,13,999,1,1,3,1,4,999999999, ,2,3,2,2, ,1,1,3,1,0,1,1,1,1,1,0,1,0,0,0,2,2, ,2, ,1,2,2,2,2,2, , , , , , , ,1,1,1,1,1,0,0,1,0,0,5,5,1,4,3, , ,1,0,0,1,0,1,0,0,0,0,1,4,4,3,4,5,5,4,1,1,4,1,4,4
7182,4,1,1,1,13,999,1,1,2,1, ,999999999, ,3,1,1,2, ,1,5,4,3,1,0,1,1,0,2, , , , , ,2,2, ,2, ,1,2,2,2,2,2, , , , , , , ,1,1,1,1,1,1,0,1,1,1,1,4,1,1,1,2, ,0,0,0,0,0,0,0,0,0,1,1,3,3,3,2,2,4,3,1,1,1,1,1,1
7195,3,6,1,1,10,999,1,2,2,4, ,999999999, ,3,1,3,2, ,3,5,2,1,1,1,1,1,0,2, , , , , ,2,2, ,2, ,2,2,2,1,2,1,0,0,0,0,0,1,0,1,1,3,3,1,0,1,1,0,0,3,1,1,4,5,2, ,0,0,0,1,0,0,0,0,0,0,1,4,3,4,5,3,3,4,1,2,5,1,5,1
7201,4,4,1,1,13,999,1,2,3,1,4,999999999, ,4,1,3,2, ,1,2,3,2,0,1,1,1,0,2, , , , , ,2,2, ,2, ,1,2,2,2,2,1,0,1,0,0,0,0,0,1,2,1,1,1,0,1,1,1,1,4,2,2,2,2,1,2,1,1,1,0,0,0,0,0,0,0,2,2,2,2,2,2,4,2,1,1,1,1,1,1
7222,6,3,2, ,13,999,1,1,2,1, ,999999999, ,4,1,3,2, ,1,1,2,1,0,0,1,0,0,2, , , , , ,2,2, ,2, ,2,2,2,2,2,2, , , , , , , ,1,3,2,3,3,1,1,0,1,0,2,2,4,2,5,1,999,0,0,0,0,0,1,0,0,0,0,1,3,2,3,2,3,3,3,1,4,4,3,3,1
7238,2,4,1,1,13,999,1,2,2,1, ,3000,1,2,4,2,2, ,1,5,4,3,0,1,1,1,1,1,0,1,0,0,1,2,2, ,2, ,2,2,2,1,2,2, , , , , , , ,2,1,1,1,1,0,0,1,0,0,4,4,1,4,3, , ,1,1,0,0,0,0,0,0,0,0,1,4,3,3,5,4,4,4,2,1,5,2,4,4
7242,6,5,1,1,7,999,2,1,2,4, ,999999999, ,3,1,3,2, ,2,2,3,3,0,1,1,1,0,2, , , , , ,1,2, ,2, ,2,2,1,1,2,2, , , , , , , ,1,2,1,2,2,0,0,1,0,0,4,4,2,4,4, , ,1,1,0,1,0,0,0,0,0,0,4,4,4,1,1,1,4,4,2,2,2,2,2,2
7244,6,3,1,1,13,999,2,1,1, , ,999999999, ,1,3,1,2, ,4,5,4,3,1,1,1,1,0,2, , , , , ,2,2, ,2, ,2,2,2,2,2,2, , , , , , , ,1,1,1,1,1,0,0,1,0,0,4,5,1,5,4, , ,1,0,0,1,1,0,0,0,0,0,1,4,4,5,4,5,2,5,2,2,1,1,1,1
7277,6,5,1,1,7,4,3,1,3,3,3,999999999, ,3,1,3,2, ,5,4,1,3,1,1,1,1,0,1,0,0,1,0,0,2,2, ,2, ,2,2,2,1,2,2, , , , , , , ,1,3,1,3,2,0,0,1,0,0,4,3,2,4,3, , ,1,1,0,0,0,1,0,0,0,0,1,2,2,4,3,3,3,3,1,1,2,2,3,1
7299,5,3,1,1,13,999,1,2,1, , ,999999999, ,3,1,3,2, ,1,5,3,3,1,1,1,1,1,2, , , , , ,2,2, ,2, ,2,2,2,2,2,2, , , , , , , ,1,2,2,2,2,0,0,1,0,1,4,4,2,4,2, , ,0,0,0,1,1,1,0,0,0,0,2,2,2,4,2,2,4,5,2,2,2,2,2,2
7348,6,1,1,1,13,999,2,1,3,3,3,800,2,3,1,3,2, ,2,1,2,1,1,1,1,1,0,1,0,0,1,0,0,2,2, ,2, ,2,2,2,1,2,2, , , , , , , ,2,2,1,1,2,1,0,1,1,0,2,4,2,2,4,2, ,1,1,0,0,0,1,0,0,0,0,2,4,4,4,4,2,2,4,2,2,2,2,2,2
7357,4,5,1,1,11,1,3,1,3,3,3,600,1,1,3,1,3, ,1,5,1,3,1,0,1,1,0,2, , , , , ,2,2, ,2, ,1,2,2,2,2,2, , , , , , , ,1,1,1,1,1,0,1,1,0,0,5,2,1,5,5,2, ,1,0,0,0,0,0,1,1,0,0,2,5,2,5,2,5,5,5,2,2,5,5,5,5
7369,4,4,1,2,3,999,2,1,3,2,2,999999999, ,5,1,1,3, ,3,5,3,1,1,1,1,1,0,2, , , , , ,2,2, ,2, ,2,2,2,1,2,1,0,0,0,0,0,1,0,1,1,1,1,1,0,1,1,0,0,3,2,1,3,3,1,2,1,0,0,1,0,1,0,0,0,0,1,4,4,3,2,3,5,3,2,2,2,2,2,2
7427,2,5,1,1,8,999,1,2,1, , ,160,2,2,4,3,3, ,1,5,1,3,1,1,1,1,0,1,0,1,0,0,0,2,2, ,2, ,1,2,2,2,1,2, , , , , , , ,1,1,1,1,1,1,1,1,1,0,2,2,1,2,4,1,13,0,0,1,1,1,0,0,0,0,0,3,3,3,4,3,2,5,4,1,1,1,1,1,1
7439,6,1,1,1,13,999,1,2,1, , ,999999999, ,3,1,3,2, ,1,5,3,2,1,1,1,0,0,2, , , , , ,2,2, ,2, ,2,2,2,2,2,1,0,1,1,0,0,0,0,2,2,2,2,2,1,1,1,1,0,2,2,2,2,4,1,999,1,1,1,0,0,0,0,0,0,0,1,1,2,4,2,3,3,4,4,4,4,4,4,4
